,Shrt_Desc,Water_(g),Energ_Kcal,Protein_(g),Lipid_Tot_(g),Ash_(g),Carbohydrt_(g),Fiber_TD_(g),Sugar_Tot_(g)
1749,BEEF,43.75,405,15.5,37.57,3.16,0.03,0.0,0.0
1751,BEEF,51.12,332,18.21,27.98,2.34,0.35,0.0,0.0
1774,CEREALS,2.12,259,13.14,4.9,5.6,74.24,29.3,15.69
1775,CEREALS,1.2,389,10.0,4.6,3.9,80.3,7.1,21.0
1776,CEREALS,2.5,375,5.1,3.4,1.4,88.2,9.3,43.7
1777,CEREALS,3.0,257,8.9,2.5,4.48,81.0,42.5,26.7
1778,CEREALS,2.5,398,4.39,5.12,2.48,85.51,2.5,44.32
1779,CEREALS,2.5,397,4.45,4.83,2.28,85.93,2.6,44.2
1780,CEREALS,2.5,417,7.1,9.23,2.52,78.65,2.7,33.36
1781,CEREALS,5.13,376,12.09,6.73,2.81,73.23,9.4,4.36
1782,CEREALS,2.81,389,4.6,2.7,2.3,87.9,1.4,38.6
1783,CEREALS,2.5,397,4.8,4.1,2.9,85.7,1.6,35.8
1784,CEREALS,2.3,380,5.2,4.4,3.5,84.5,5.1,34.8
1785,CEREALS,2.5,331,6.37,4.06,3.39,83.68,15.3,20.66
1786,CEREALS,2.5,370,6.4,2.4,3.7,85.0,4.7,11.1
1787,CEREALS,3.76,357,7.5,0.4,4.0,84.1,3.3,9.5
1788,CEREALS,3.0,395,9.2,14.1,3.3,70.3,12.7,28.0
1789,CEREALS,3.62,394,6.69,1.26,2.22,86.22,0.7,12.12
1790,CEREALS,2.5,327,10.2,2.5,3.2,81.6,17.3,18.8
1791,CEREALS,3.4,328,9.9,2.1,4.1,80.5,18.3,18.6
1792,CEREALS,2.5,375,5.3,3.4,1.45,88.0,9.3,41.7
1793,CEREALS,4.8,350,9.2,1.6,1.4,83.4,10.8,20.3
1794,CEREALS,2.5,384,4.3,0.4,1.5,91.3,0.5,40.2
1795,CEREALS,3.0,402,4.62,4.02,2.5,86.1,0.8,34.28
1796,CEREALS,2.2,374,5.3,3.2,4.2,85.1,5.6,35.0
1797,CEREALS,5.84,489,13.67,24.31,2.31,53.88,8.9,19.8
1798,CEREALS,3.5,361,11.22,1.81,2.98,80.49,13.0,8.86
1799,CEREALS,3.3,376,9.4,3.7,1.6,82.0,10.2,15.2
1800,CEREALS,2.86,376,8.85,5.0,3.6,79.69,7.1,32.89
1801,CEREALS,1.5,394,6.01,2.93,2.93,86.63,3.2,31.51
1802,CEREALS,3.35,381,6.41,3.44,2.95,83.85,3.4,20.27
1803,CEREALS,2.79,357,7.69,3.46,3.23,82.82,8.8,9.76
1804,CEREALS,4.3,374,9.98,4.43,3.56,77.74,6.6,19.43
1805,CEREALS,4.15,380,7.67,5.02,2.27,80.89,5.0,36.13
1806,CEREALS,2.19,421,10.55,11.62,1.98,73.65,10.2,20.34
1807,CEREALS,2.2,375,6.3,2.0,3.2,86.67,3.9,28.1
1808,CEREALS,3.5,374,8.5,1.3,2.58,84.3,2.8,12.5
1809,CEREALS,2.0,406,4.51,6.08,2.39,85.03,2.3,43.36
1810,CEREALS,10.4,318,7.72,2.72,1.87,77.29,11.4,31.3
1811,CEREALS,8.6,324,7.6,1.6,3.2,78.9,13.7,32.9
1812,CEREALS,2.59,375,6.4,1.89,4.0,85.09,2.0,8.0
1813,CEREALS,5.06,381,6.75,2.05,1.1,85.05,0.4,9.87
1814,CEREALS,3.91,383,7.01,0.9,0.41,87.78,1.4,0.0
1815,CEREALS,3.0,377,17.79,1.79,4.0,73.4,1.4,12.69
1816,CEREALS,3.0,387,4.8,1.3,1.2,89.7,8.4,31.3
1817,CEREALS,4.18,369,3.96,1.68,0.98,89.2,2.2,35.43
1818,CEREALS,2.9,380,5.7,2.2,0.69,88.5,5.0,56.2
1819,CEREALS,1.4,380,5.5,1.7,0.8,90.1,5.0,53.6
1820,CEREALS,3.68,357,10.71,5.36,4.29,75.5,10.7,3.57
1821,CEREALS,2.67,320,8.4,2.1,12.1,74.7,9.1,16.4
1822,CEREALS,1.89,384,4.9,3.79,3.0,86.19,3.9,32.0
1823,CEREALS,3.0,373,8.5,2.9,2.1,83.6,10.7,20.7
1824,CEREALS,2.5,345,9.8,1.8,3.6,82.2,12.2,10.3
1825,CEREALS,2.5,385,3.32,0.35,3.24,90.59,1.9,46.88
1826,CEREALS,5.6,382,29.1,10.7,5.0,49.6,15.1,7.8
1827,CEREALS,3.4,372,26.55,7.78,4.14,58.11,10.2,21.43
1828,CEREALS,2.5,370,8.3,4.09,3.7,81.4,8.7,21.2
1829,CEREALS,2.6,353,8.3,2.3,3.5,83.3,10.1,15.2
1830,CEREALS,10.92,370,7.65,1.75,0.6,79.09,4.6,0.57
1831,CEREALS,82.93,71,1.71,0.46,0.15,14.76,0.8,0.12
1832,CEREALS,7.2,343,7.31,2.14,4.55,78.42,4.2,1.51
1833,CEREALS,81.22,74,1.58,0.49,0.76,15.95,1.1,0.1
1834,CEREALS,6.71,363,8.98,5.46,5.89,72.96,4.2,2.76
1835,CEREALS,7.37,340,9.93,1.73,5.59,75.39,5.1,0.38
1836,CEREALS,10.5,370,6.3,0.5,0.4,82.4,0.7,0.3
1837,CEREALS,87.5,52,0.9,0.1,0.1,11.4,0.1,0.04
1838,CEREALS,10.9,370,10.5,1.5,0.6,76.5,3.8,0.2
1839,CEREALS,87.61,50,1.44,0.21,0.21,10.52,0.5,0.03
1840,CEREALS,11.08,360,11.6,1.41,2.72,73.19,4.2,0.56
1841,CEREALS,86.55,55,1.82,0.34,0.38,10.92,0.8,0.76
1842,CEREALS,10.4,366,10.6,1.4,2.1,75.5,3.3,0.4
1843,CEREALS,84.4,62,1.84,0.24,0.45,13.08,0.6,0.07
1844,CEREALS,86.55,53,1.82,0.34,0.38,10.92,0.8,0.76
1845,CEREALS,10.35,365,11.8,0.7,0.6,77.25,2.1,0.0
1846,CEREALS,10.84,379,13.15,6.52,1.77,67.7,10.1,0.99
1847,CEREALS,83.61,71,2.54,1.52,0.34,12.0,1.7,0.27
1848,CEREALS,8.92,362,11.92,6.9,2.75,69.52,10.0,1.5
1849,CEREALS,84.03,68,2.37,1.36,0.56,11.67,1.7,0.46
1850,CEREALS,6.62,366,8.62,4.61,3.4,76.74,8.3,28.87
1851,CEREALS,6.92,369,9.53,4.84,2.63,76.08,8.0,25.33
1852,CEREALS,76.74,96,2.37,1.21,0.73,18.95,2.0,6.31
1853,CEREALS,6.28,368,9.2,4.63,2.97,76.91,7.2,30.02
1854,CEREALS,8.44,360,8.45,4.03,2.75,76.33,5.7,37.14
1855,CEREALS,78.44,88,1.98,0.95,0.72,17.91,1.3,8.71
1856,CEREALS,2.19,387,6.94,3.53,4.57,82.77,4.9,40.91
1857,CEREALS,6.5,357,13.1,2.9,1.9,75.6,12.8,1.6
1858,CEREALS,85.4,56,2.0,0.5,0.3,11.8,2.7,
1859,CEREALS,9.9,342,11.2,2.0,1.6,75.2,9.5,0.42
1860,CEREALS,83.6,62,2.0,0.4,0.3,13.7,1.6,0.08
1861,CEREALS,3.69,366,16.26,2.15,1.51,76.39,9.4,1.37
1862,CEREALS,6.1,337,11.37,2.01,1.56,78.96,12.4,0.94
1863,CEREALS,3.0,351,11.8,2.1,1.7,81.4,12.4,0.9
1864,CEREALS,3.0,402,6.3,0.5,0.4,89.8,1.7,
1865,CEREALS,3.0,364,14.7,1.2,1.5,79.6,4.4,
1866,CEREALS,11.37,368,6.72,1.49,0.52,79.91,3.9,0.55
1867,CEREALS,10.0,371,8.8,1.2,0.4,79.6,1.6,0.64
1868,CEREALS,82.93,71,1.71,0.46,0.15,14.76,0.8,0.12
1869,CEREALS,84.36,65,1.23,0.39,0.15,13.86,0.7,0.09
1870,CEREALS,84.36,65,1.23,0.39,0.15,13.86,0.7,0.09
1871,CEREALS,87.5,52,0.9,0.1,0.3,11.5,0.1,0.04
1872,CEREALS,87.14,50,1.46,0.21,0.53,10.66,0.5,0.03
1873,CEREALS,10.5,369,10.6,0.5,0.4,78.0,1.9,
1874,CEREALS,86.55,53,1.82,0.34,0.38,10.92,0.8,0.76
1875,CEREALS,6.69,363,10.6,0.82,2.34,79.55,2.8,16.63
1876,CEREALS,83.61,71,2.54,1.52,0.34,12.0,1.7,0.27
1877,CEREALS,85.4,59,2.03,0.45,0.38,11.74,2.0,0.25
1878,CEREALS,83.6,62,2.0,0.4,0.3,13.7,1.6,0.08
1879,CEREALS,3.5,389,8.7,5.7,1.2,80.9,7.0,28.3
1880,CEREALS,6.0,352,7.8,1.9,0.8,83.8,9.6,22.3
1881,CEREALS,4.7,395,6.5,5.3,1.81,81.6,4.7,29.2
1882,CEREALS,2.6,413,6.8,11.1,3.8,75.6,4.7,35.3
1883,CEREALS,10.35,334,12.64,2.73,1.67,72.62,11.9,2.46
1884,CEREALS,2.9,390,9.89,6.69,2.2,78.09,8.2,22.89
1885,CEREALS,3.42,405,3.34,3.5,2.25,87.2,3.8,43.7
1886,CEREALS,2.5,389,3.41,4.61,2.73,86.75,3.3,48.11
1887,CEREALS,4.3,374,9.14,4.1,3.44,79.02,6.3,25.18
1888,CEREALS,2.75,412,3.92,7.63,2.05,83.65,2.1,43.23
1889,CEREALS,2.75,379,11.38,4.83,3.27,77.77,8.3,16.69
1890,CEREALS,2.75,379,11.23,4.88,3.05,78.09,8.7,16.67
1891,CEREALS,4.0,372,12.38,5.11,3.61,74.9,10.2,16.34
1892,CEREALS,3.39,412,9.66,10.38,1.9,74.67,9.4,24.63
1893,CEREALS,3.4,388,8.42,5.52,2.1,80.57,9.6,25.65
1894,CEREALS,6.59,369,8.12,5.64,4.81,74.83,4.7,0.88
1895,CEREALS,6.56,379,8.3,6.37,3.36,75.42,6.0,31.27
1896,CEREALS,8.35,371,8.82,6.98,3.43,72.41,6.9,30.85
1897,CEREALS,8.9,364,17.03,7.97,3.14,62.94,14.3,1.43
1898,CEREALS,89.07,43,2.03,0.95,0.46,7.49,1.7,
1899,CEREALS,2.04,378,8.8,4.5,4.1,80.5,7.6,27.0
1900,CEREALS,88.98,43,2.03,0.95,0.57,7.49,1.7,
1901,CEREALS,2.35,374,7.7,2.0,2.8,85.2,6.3,24.8
1902,CEREALS,3.22,207,6.59,2.29,3.5,84.3,46.2,1.0
1903,CEREALS,4.69,372,8.5,3.79,2.09,80.8,7.5,27.29
1904,CEREALS,8.36,312,5.6,1.6,7.6,76.8,9.1,32.3
1905,CEREALS,83.58,61,2.08,0.47,0.37,13.49,2.2,
1906,CEREALS,83.44,61,2.07,0.47,0.54,13.47,2.2,
1907,CEREALS,3.0,378,6.59,0.8,2.4,87.19,1.0,12.8
1908,CEREALS,4.03,368,8.19,5.3,2.59,80.0,12.2,28.5
1909,CEREALS,6.25,358,6.69,4.0,4.0,79.09,9.1,22.5
1910,CEREALS,2.29,386,8.3,6.09,3.4,79.9,7.3,34.2
1911,CEREALS,2.2,376,9.0,4.69,4.19,79.8,7.5,32.0
1912,CEREALS,1.89,386,5.5,4.3,2.9,85.4,4.2,27.29
1913,CEREALS,1.89,383,5.4,4.69,3.4,84.5,5.0,33.09
1914,CEREALS,1.8,383,5.6,5.2,3.6,83.7,5.7,37.2
1915,CEREALS,3.24,410,5.45,10.25,3.07,77.99,6.8,30.3
1916,CEREALS,1.89,386,5.5,4.3,2.9,85.4,4.2,27.29
1917,CEREALS,2.09,376,6.19,4.19,3.59,83.9,5.8,21.0
1918,CEREALS,5.59,381,7.9,4.69,2.4,79.4,5.0,31.89
1919,CEREALS,3.8,381,9.0,5.2,1.96,80.1,7.4,27.9
1920,CEREALS,10.0,355,8.6,5.4,1.1,74.9,7.7,25.1
1921,CEREALS,3.5,395,4.3,4.19,2.4,85.59,0.4,29.6
1922,CEREALS,3.0,353,14.44,1.41,3.0,78.15,14.1,20.0
1923,CEREALS,2.5,390,6.6,5.0,2.9,83.0,4.4,34.7
1924,CEREALS,3.0,385,6.8,1.9,2.1,87.0,3.4,33.0
1925,CEREALS,10.0,348,8.8,1.2,0.41,79.6,4.8,0.3
1926,CEREALS,10.0,361,8.8,1.6,0.41,79.2,1.6,0.64
1927,CEREALS,2.5,371,7.5,1.5,1.7,86.8,5.4,27.79
1928,CEREALS,4.8,350,9.19,1.6,1.05,83.4,10.8,20.29
1929,CEREALS,2.5,401,3.64,5.28,6.99,81.59,1.7,42.5
1930,CEREALS,2.5,396,4.19,4.17,2.59,86.55,1.8,41.66
1931,CEREALS,3.4,346,6.07,1.12,2.8,86.4,0.4,7.82
1932,CEREALS,2.5,391,4.69,3.2,3.67,85.94,2.2,45.31
1933,CEREALS,2.5,407,7.62,7.33,2.87,79.68,2.5,29.29
1934,CEREALS,4.0,372,11.45,5.04,4.1,75.41,8.6,15.57
1935,CEREALS,2.75,382,10.6,4.56,2.3,79.79,8.1,25.37
1936,CEREALS,2.5,379,4.55,1.45,2.61,88.89,2.6,44.33
1937,CEREALS,2.5,382,4.21,1.61,1.77,89.91,2.7,43.12
1938,CEREALS,11.72,200,17.56,5.16,6.04,59.51,41.3,
1939,CEREALS,4.2,348,11.24,2.01,1.54,81.01,11.8,0.81
1940,CEREALS,4.78,366,31.43,9.56,4.82,49.38,11.9,7.14
1941,CEREALS,,381,4.76,2.38,,80.95,4.8,9.52
1942,CEREALS,2.5,376,4.59,2.79,0.8,89.3,7.4,49.9
1943,CEREALS,5.0,354,6.59,1.79,1.7,84.9,8.0,35.2
1944,CEREALS,3.0,358,6.3,1.29,2.29,87.09,8.5,29.7
1945,CEREALS,4.4,342,11.6,2.0,1.0,81.0,13.8,0.4
1946,CEREALS,3.5,367,16.7,5.9,2.5,71.4,14.5,24.0
1947,CEREALS,2.5,364,11.39,5.0,2.4,78.69,13.7,15.5
1948,CEREALS,4.0,336,13.0,2.3,2.1,78.6,8.0,0.93
1949,CEREALS,3.0,349,10.0,1.8,6.2,79.0,6.0,21.8
1950,CEREALS,2.0,299,9.4,3.2,6.59,79.3,21.7,18.8
1951,CEREALS,3.0,311,24.89,2.2,2.7,67.19,20.1,16.5
1952,CEREALS,9.37,371,13.7,6.87,1.87,68.18,9.4,1.42
1953,CEREALS,3.0,389,4.25,0.87,1.68,90.2,1.2,39.27
1954,CEREALS,7.37,369,10.39,5.1,2.63,74.52,8.2,21.14
1955,CEREALS,6.87,384,8.69,7.59,3.18,73.68,6.4,28.91
1956,CEREALS,6.77,368,8.97,4.85,3.72,75.7,6.7,29.45
1957,CEREALS,4.43,346,15.98,11.6,2.21,65.78,20.3,1.56
1958,CEREALS,8.45,360,9.11,4.0,2.76,75.68,5.8,35.65
1959,CEREALS,7.06,342,9.83,1.58,5.67,75.86,4.6,0.71
1960,CEREALS,6.8,360,8.8,4.67,5.56,74.18,4.3,2.02
1961,CEREALS,6.82,355,10.73,4.68,6.69,71.08,4.2,2.69
1962,CEREALS,9.38,371,13.7,6.87,1.87,68.18,9.4,1.42
1963,CEREALS,9.8,333,11.8,2.0,1.6,74.8,9.9,2.0
1964,CEREALS,3.0,368,6.9,3.9,2.9,83.3,9.5,28.6
1965,CEREALS,5.05,351,8.7,1.5,0.5,84.7,10.3,22.7
1966,CEREALS,5.0,338,12.0,1.4,2.6,79.0,11.2,12.4
1967,CEREALS,3.1,358,9.4,0.7,3.3,83.5,5.0,20.5
1968,CEREALS,3.0,357,5.59,0.4,3.7,87.3,10.1,23.89
1969,CEREALS,3.0,359,31.2,2.6,2.6,60.6,8.3,20.3
1970,CEREALS,1.88,379,3.45,1.72,3.29,89.66,3.4,37.93
1971,CEREALS,2.76,370,5.77,0.89,0.86,89.72,2.6,51.34
1972,CEREALS,3.59,398,4.46,9.97,7.3,74.68,4.4,32.7
1973,CEREALS,7.5,342,7.63,1.87,2.63,80.37,10.2,33.04
1974,CEREALS,1.1,443,4.9,11.48,2.61,79.91,4.7,35.36
1975,CEREALS,9.69,365,10.48,0.49,1.4,77.2,2.9,0.7
1976,CEREALS,5.9,368,8.82,0.47,4.29,80.52,1.8,28.0
1977,CEREALS,2.5,388,8.6,4.51,4.1,79.84,6.3,30.17
1978,CEREALS,2.5,390,4.51,2.71,2.98,87.3,2.3,44.61
1979,CEREALS,3.0,425,3.32,12.06,3.29,78.33,5.0,32.86
1980,CEREALS,3.0,397,4.15,3.43,1.49,87.93,1.1,43.15
1981,CEREALS,5.5,354,9.09,1.94,1.66,81.81,10.9,20.0
1982,CEREALS,1.2,404,3.9,3.15,1.7,90.1,1.0,42.6
1983,CEREALS,2.53,310,10.21,3.36,4.13,79.77,16.9,17.17
1984,CEREALS,3.59,367,5.83,1.05,3.74,85.79,2.6,9.51
1985,CEREALS,3.31,357,5.9,0.91,1.88,88.01,2.7,7.84
1986,CEREALS,4.07,379,5.94,0.95,2.26,86.78,1.5,13.79
1987,CEREALS,3.78,378,6.06,1.08,2.23,86.85,1.4,10.35
1988,CEREALS,3.85,381,6.45,1.27,2.39,86.04,0.7,8.35
1990,CEREALS,88.29,48,1.67,0.09,0.26,10.09,0.3,0.13
1991,CEREALS,89.15,47,1.37,0.1,0.26,9.22,0.4,2.17
1992,CEREALS,2.29,381,5.59,4.4,3.2,84.4,5.3,36.79
1993,CEREALS,3.0,367,7.1,2.9,1.7,85.3,8.1,32.1
1994,CEREALS,3.3,337,11.0,1.5,1.85,81.4,11.8,11.3
1995,CEREALS,3.0,376,10.39,3.79,2.5,80.3,7.4,22.7
1996,CEREALS,5.0,336,11.0,1.4,3.6,79.0,10.7,16.5
1997,CEREALS,5.1,352,8.7,1.6,0.5,84.6,10.2,22.7
1998,CEREALS,3.0,366,7.8,4.0,2.2,83.0,9.6,29.2
1999,CEREALS,6.2,384,8.9,5.9,2.4,76.6,11.1,25.5
2001,CEREALS,4.3,373,9.33,4.14,3.67,78.56,6.3,23.12
2002,CEREALS,2.5,397,4.44,4.83,2.31,85.92,2.6,44.31
2003,CEREALS,2.23,400,6.67,5.23,4.22,81.75,6.7,30.0
2004,CEREALS,3.0,413,8.5,8.7,2.4,77.4,7.4,22.5
2005,CEREALS,3.65,379,16.79,9.9,2.7,66.9,15.0,22.2
2006,CEREALS,5.9,367,18.39,5.3,2.4,68.0,12.0,17.7
2007,CEREALS,6.98,360,22.29,5.3,4.3,61.09,18.5,14.8
2008,CEREALS,3.0,356,11.8,2.8,1.4,81.0,11.7,5.0
2009,CEREALS,8.39,353,11.1,5.0,1.7,73.8,12.5,25.0
2010,CEREALS,8.6,356,11.39,5.09,1.29,73.59,12.7,23.79
2011,CEREALS,3.0,467,11.23,18.33,1.34,66.1,8.4,18.17
2012,CEREALS,11.56,355,11.61,1.41,3.62,71.79,4.4,0.47
2013,CEREALS,86.2,56,1.44,0.2,0.42,11.74,0.7,0.07
2014,CEREALS,87.11,52,1.88,0.37,0.54,10.1,0.7,0.34
2015,CEREALS,11.41,359,11.77,1.47,2.72,72.63,4.4,0.51
2016,CEREALS,86.4,56,1.65,0.42,0.37,11.16,0.4,0.07
2017,CEREALS,86.51,55,1.95,0.37,0.49,10.67,1.5,2.98
2018,CEREALS,2.5,386,5.09,9.89,4.3,78.19,11.2,21.39
2020,CEREALS,2.3,366,5.6,5.7,3.6,82.8,10.2,21.2
2021,CEREALS,2.2,381,5.8,4.59,3.2,84.19,5.9,32.2
2022,CEREALS,3.0,381,6.5,7.3,2.2,81.2,10.6,29.9
2023,CEREALS,2.0,383,5.4,4.0,3.2,85.5,4.3,25.0
2024,CEREALS,3.5,375,13.1,5.4,3.2,74.8,11.3,18.0
2025,CEREALS,2.5,410,5.69,7.3,1.2,83.3,3.9,41.59
2026,CEREALS,3.5,368,18.0,8.19,3.59,66.69,15.8,21.7
2027,CEREALS,2.5,365,11.6,4.9,2.5,78.5,13.2,15.69
2028,CEREALS,5.2,350,10.7,1.9,1.3,80.8,10.7,16.9
2029,CEREALS,2.2,375,5.5,4.0,3.5,84.69,6.1,33.09
2030,CEREALS,2.2,380,5.8,5.09,3.4,83.5,6.2,34.09
2031,CEREALS,2.19,412,4.8,8.39,3.5,81.09,2.0,26.2
2032,CEREALS,2.31,403,5.0,6.59,3.59,82.4,2.4,26.1
2033,CEREALS,2.75,344,5.8,5.8,2.9,82.69,19.1,20.79
2034,CEREALS,2.68,323,7.69,2.59,3.09,83.9,19.0,17.79
2035,CEREALS,5.19,317,6.3,2.29,2.9,83.4,17.9,25.6
2036,CEREALS,3.0,375,7.5,6.0,2.2,81.2,10.3,24.0
2037,CEREALS,3.5,363,6.9,1.5,1.8,86.3,8.6,26.7
2038,CEREALS,2.5,322,7.5,3.0,3.9,83.09,18.9,23.39
2039,CEREALS,2.5,332,7.8,4.09,3.59,82.0,17.9,20.29
2040,CEREALS,3.5,362,7.8,1.8,1.9,85.0,8.6,26.4
2041,CEREALS,2.5,385,6.7,3.9,4.1,83.3,2.4,33.5
2042,CEREALS,5.0,352,8.6,1.6,0.2,84.8,10.2,22.7
2043,CEREALS,2.48,402,4.41,5.66,2.27,85.14,2.5,43.82
2044,CEREALS,3.21,418,9.21,11.06,1.79,74.73,9.9,27.43
2045,CEREALS,4.3,373,9.17,4.06,3.6,78.86,6.3,24.9
2046,CEREALS,2.5,395,4.6,3.99,1.81,87.1,2.6,44.18
2047,CEREALS,5.3,354,8.5,3.4,1.4,81.4,10.9,22.29
2048,CEREALS,2.75,380,11.3,4.83,3.08,78.04,8.3,16.82
2049,CEREALS,3.0,394,7.9,5.1,2.1,81.8,7.8,20.7
2050,CEREALS,2.59,410,8.19,9.8,3.2,76.19,5.5,27.1
2051,CEREALS,1.79,380,6.5,5.19,3.7,82.69,6.7,25.79
2052,CEREALS,2.6,378,8.5,4.6,3.5,80.7,7.0,27.9
2053,CEREALS,8.45,358,11.26,6.11,4.73,69.45,8.8,11.91
2054,CEREALS,8.8,367,16.0,6.3,1.9,67.0,9.8,1.0
2055,CEREALS,7.39,376,10.16,7.46,3.42,71.57,8.3,17.66
2056,CEREALS,7.94,358,10.29,5.64,3.95,72.17,9.7,17.78
2057,CEREALS,2.37,364,6.4,3.9,3.8,83.0,8.3,18.2
2058,CEREALS,3.0,364,7.7,3.4,3.1,82.8,7.1,22.2
2059,CEREALS,3.0,371,7.8,3.4,2.5,83.3,6.1,22.1
2060,CEREALS,3.5,362,22.1,8.19,3.59,62.59,16.8,18.6
2061,CEREALS,2.2,248,4.8,2.59,5.09,85.19,38.5,10.8
2062,CEREALS,3.5,397,7.0,11.1,2.3,76.1,9.9,35.7
2063,CEREALS,3.6,371,7.8,2.3,3.4,82.4,2.7,3.7
2064,CEREALS,2.9,399,7.0,5.4,2.7,82.0,5.2,21.9
2065,CEREALS,3.4,350,11.91,5.46,3.52,75.27,16.6,12.25
2066,CEREALS,3.59,333,7.41,3.7,1.3,84.0,18.5,18.52
2067,CEREALS,3.5,397,7.1,11.2,2.3,75.9,10.6,36.3
2068,CEREALS,2.65,387,5.1,3.5,3.65,85.1,1.4,38.1
2069,CEREALS,2.5,378,4.3,2.8,0.8,89.6,7.4,51.1
2070,CEREALS,2.29,397,5.9,7.8,1.0,83.0,9.0,33.9
2071,CEREALS,2.9,399,6.7,4.9,2.2,83.3,5.4,24.0
2072,CEREALS,8.5,318,10.7,1.3,3.3,76.2,10.5,14.6
2073,CEREALS,2.8,400,7.1,5.0,2.3,82.8,5.8,20.4
2074,CEREALS,2.2,375,6.3,6.09,3.0,83.2,9.4,28.1
2075,CEREALS,2.79,348,7.9,6.8,3.0,79.5,18.2,22.1
2076,CEREALS,2.2,253,3.29,2.9,7.4,84.0,35.2,17.29
2077,CEREALS,2.7,387,9.1,5.4,3.29,79.5,7.5,29.1
2078,CEREALS,2.2,378,6.5,5.69,3.59,82.0,7.3,20.89
2079,CEREALS,2.0,392,3.5,3.67,2.65,88.18,2.5,55.45
2080,CEREALS,4.4,350,8.81,1.92,5.47,79.4,10.3,18.44
2081,CEREALS,3.0,396,6.78,4.17,1.11,84.94,5.0,21.62
2082,CEREALS,3.1,379,7.8,4.88,6.96,77.26,6.1,20.26
2083,CEREALS,2.5,387,8.59,4.51,4.78,79.62,6.3,29.97
2084,CEREALS,6.3,342,8.8,1.8,1.0,82.1,10.6,17.8
2085,CEREALS,2.2,408,4.69,6.45,3.29,82.8,2.0,26.0
2086,CEREALS,2.29,410,5.19,10.1,3.79,78.59,4.9,29.2
2087,CEREALS,6.4,368,9.25,4.73,2.94,76.67,7.2,30.28
2088,CEREALS,2.09,407,5.69,8.5,2.09,81.59,11.0,31.0
2089,CEREALS,2.0,390,6.8,6.19,3.09,82.0,6.0,32.5
2090,CEREALS,1.89,387,9.39,1.89,3.79,83.0,7.5,13.19
2091,CEREALS,2.5,371,8.3,3.29,2.7,83.09,8.5,24.79
2092,CEREALS,2.75,376,7.63,5.61,3.92,80.1,9.1,21.53
2093,CEREALS,9.02,361,16.37,6.2,4.17,64.25,13.0,1.25
2094,CEREALS,9.04,361,16.5,6.16,3.88,64.42,12.6,1.29
2095,CEREALS,7.52,366,8.79,4.8,3.22,75.67,22.3,14.7
2096,CEREALS,7.47,386,9.81,9.8,3.46,69.47,7.7,18.71
2097,CEREALS,7.8,390,8.18,10.36,3.13,70.53,7.0,29.36
2098,CEREALS,7.57,353,11.31,4.4,4.14,72.58,8.5,20.43
2099,CEREALS,8.1,387,10.1,9.84,3.35,68.61,7.4,24.85
2100,CEREALS,6.59,394,12.02,11.02,3.65,66.73,7.1,26.34
2101,CEREALS,9.09,361,16.5,6.28,3.93,64.21,13.0,1.27
2102,CEREALS,4.8,351,9.19,1.7,1.05,83.4,10.8,20.2
2103,CEREALS,5.67,347,7.4,2.9,2.79,81.19,9.2,31.29
2104,CEREALS,8.5,342,8.69,0.8,2.09,79.9,5.0,23.39
2105,CEREALS,3.5,401,7.3,10.89,1.89,76.4,9.4,31.7
2106,CEREALS,5.69,349,7.3,2.5,1.79,82.69,9.6,31.29
2107,CEREALS,3.0,364,7.59,1.29,1.5,86.59,9.6,20.7
2108,CEREALS,9.19,370,14.1,10.39,4.4,61.9,9.2,23.79
2109,CEREALS,8.5,361,15.0,8.39,4.8,63.29,9.3,22.39
2110,CEREALS,7.59,371,15.39,9.89,5.0,62.09,9.3,22.0
2111,CEREALS,3.0,330,21.5,2.59,2.79,70.09,17.3,17.79
2112,CEREALS,2.29,376,8.6,4.09,1.0,84.0,9.8,18.5
2113,CEREALS,3.0,375,7.59,5.09,2.79,81.5,10.3,27.5
2114,CEREALS,6.3,343,9.1,1.6,0.9,82.1,10.8,17.2
2115,CEREALS,6.0,373,8.18,1.83,3.08,80.91,10.0,20.29
2116,CEREALS,3.0,369,6.09,2.5,1.89,86.5,9.3,19.1
2117,CEREALS,3.0,356,22.29,2.59,2.29,69.8,9.5,30.29
2118,CEREALS,6.0,344,6.9,1.5,1.39,84.19,9.2,30.29
3742,BEEF,73.42,117,23.07,2.69,1.69,0.0,0.0,0.0
3743,BEEF,57.26,291,17.32,24.05,0.81,0.0,0.0,
3744,BEEF,58.21,278,17.48,22.55,0.82,0.0,0.0,
3745,BEEF,20.21,674,8.21,70.89,0.28,0.0,0.0,0.0
3746,BEEF,18.58,680,10.65,70.33,0.45,0.0,0.0,0.0
3747,BEEF,70.29,155,20.72,7.37,1.02,0.0,0.0,0.0
3748,BEEF,67.13,198,19.42,12.73,1.71,0.0,0.0,0.0
3749,BEEF,53.39,280,28.97,17.37,0.93,0.0,0.0,0.0
3750,BEEF,69.46,165,21.22,8.29,1.02,0.0,0.0,0.0
3751,BEEF,54.95,263,26.98,16.44,2.04,0.0,0.0,0.0
3752,BEEF,63.33,202,27.55,9.31,1.06,0.0,0.0,0.0
3753,BEEF,68.72,149,21.72,6.29,0.99,0.0,0.0,0.0
3754,BEEF,57.27,237,28.02,13.0,2.14,0.0,0.0,0.0
3755,BEEF,64.06,194,27.82,8.32,1.07,0.0,0.0,0.0
3756,BEEF,58.03,274,17.51,22.07,0.85,0.0,0.0,
3758,BEEF,68.7,161,20.13,8.3,1.01,0.0,0.0,
3759,BEEF,61.3,205,28.88,9.01,1.17,0.0,0.0,0.0
3760,BEEF,48.29,388,14.4,36.23,0.68,0.0,0.0,
3761,BEEF,35.72,471,21.57,41.98,0.74,0.0,0.0,0.0
3762,BEEF,69.38,173,19.05,10.19,0.98,0.0,0.0,
3763,BEEF,50.15,295,30.76,18.13,0.98,0.0,0.0,0.0
3764,BEEF,60.5,191,29.21,7.31,1.41,0.0,0.0,0.0
3765,BEEF,62.44,172,29.25,5.22,1.41,0.0,0.0,
3766,BEEF,58.42,221,32.21,9.24,1.09,0.0,0.0,0.0
3768,BEEF,73.03,128,21.75,3.85,1.44,0.0,0.0,
3769,BEEF,58.21,201,33.68,6.36,2.39,0.0,0.0,
3770,BEEF,69.56,161,22.13,7.39,1.01,0.0,0.0,0.0
3771,BEEF,60.31,221,27.65,11.36,1.02,0.0,0.0,0.0
3772,BEEF,69.97,160,22.1,7.27,1.0,0.0,0.0,0.0
3773,BEEF,60.6,217,27.48,11.05,1.02,0.0,0.0,0.0
3774,BEEF,71.33,149,21.17,6.57,0.93,0.0,0.0,0.0
3775,BEEF,58.22,216,30.54,10.46,1.39,0.0,0.0,0.0
3776,BEEF,71.41,140,21.13,6.07,1.08,0.31,0.0,0.0
3777,BEEF,70.82,145,21.19,6.51,1.08,0.39,0.0,0.0
3778,BEEF,53.91,295,23.05,21.83,0.9,0.0,0.0,0.0
3779,BEEF,76.29,143,10.86,10.3,1.51,1.05,0.0,0.0
3780,BEEF,70.75,196,12.57,15.83,1.58,0.0,0.0,
3781,BEEF,74.86,151,11.67,10.53,1.46,1.48,0.0,0.0
3782,BEEF,77.11,112,17.72,3.94,1.1,0.14,0.0,0.0
3783,BEEF,65.67,165,28.48,4.73,0.97,0.15,0.0,0.0
3784,BEEF,77.89,99,17.4,3.09,1.33,0.29,0.0,0.0
3785,BEEF,66.88,158,27.27,4.65,1.31,0.0,0.0,0.0
3786,BEEF,70.81,135,20.36,3.63,1.31,3.89,0.0,0.0
3787,BEEF,58.81,191,29.08,5.26,1.74,5.13,0.0,0.0
3788,BEEF,62.01,175,26.52,4.68,1.63,5.16,0.0,0.0
3789,BEEF,79.38,92,16.2,2.5,0.98,0.0,0.0,
3790,BEEF,76.4,120,20.4,3.7,1.1,0.0,0.0,
3791,BEEF,59.39,276,14.97,23.52,2.14,0.0,0.0,
3792,BEEF,65.2,235,15.7,18.6,1.3,0.0,0.0,
3793,BEEF,55.6,271,27.1,17.2,1.5,0.0,0.0,
3794,BEEF,77.2,105,18.3,3.0,1.38,0.0,0.0,
3795,BEEF,69.98,145,25.1,4.2,1.6,0.0,0.0,
3796,BEEF,4.0,854,1.5,94.0,0.1,0.0,0.0,0.0
3797,BEEF,67.8,236,12.18,20.35,1.38,0.0,0.0,
3798,BEEF,52.83,319,21.85,24.98,1.53,0.0,0.0,
3799,BEEF,64.53,224,14.9,16.09,0.8,3.68,0.0,
3800,BEEF,57.87,284,19.29,22.3,0.69,0.0,0.0,0.0
3801,BEEF,84.16,85,12.07,3.69,0.55,0.0,0.0,0.0
3802,BEEF,56.0,309,16.5,27.0,0.8,0.0,0.0,0.0
3803,BEEF,59.18,212,32.62,8.07,1.1,0.0,0.0,0.0
3804,BEEF,45.2,406,12.5,38.8,2.8,0.7,0.0,
3805,BEEF,26.2,449,31.3,34.4,6.7,1.4,0.0,0.0
3806,BEEF,66.56,198,14.68,14.9,3.73,0.14,0.0,
3807,BEEF,59.79,251,18.17,18.98,2.6,0.47,0.0,0.0
3808,BEEF,57.72,250,27.1,14.93,2.9,0.0,0.0,0.0
3809,BEEF,72.3,134,21.03,5.41,1.07,0.19,0.0,0.0
3810,BEEF,53.8,153,31.1,1.94,10.4,2.76,0.0,2.7
3811,BEEF,59.72,220,26.5,12.64,1.0,0.14,0.0,0.0
3812,BEEF,58.83,228,26.49,13.42,0.99,0.28,0.0,0.0
3813,BEEF,74.6,111,19.0,3.3,3.4,0.0,0.0,
3814,BEEF,61.06,209,26.53,11.46,1.02,0.0,0.0,0.0
3815,BEEF,69.53,147,21.8,5.82,3.4,0.36,0.0,0.1
3816,BEEF,69.19,170,19.42,9.99,0.91,0.49,0.0,0.0
3817,BEEF,53.56,312,14.11,26.91,3.0,2.42,0.0,
3818,BEEF,68.93,133,20.19,4.42,4.6,1.86,0.0,
3819,BEEF,68.24,178,19.23,10.96,0.91,0.67,0.0,0.0
3820,BEEF,58.61,230,28.4,12.42,1.12,0.0,0.0,0.0
3821,BEEF,58.7,233,28.17,12.53,1.12,0.0,0.0,0.0
3822,BEEF,61.79,203,28.61,9.18,1.16,0.0,0.0,0.0
3823,BEEF,61.02,203,29.9,8.37,1.16,0.0,0.0,0.0
3824,BEEF,60.93,206,29.51,8.87,1.16,0.0,0.0,0.0
3825,BEEF,62.48,188,29.88,7.12,1.18,0.0,0.0,0.0
3826,BEEF,51.54,291,26.79,19.52,0.95,0.0,0.0,0.0
3827,BEEF,57.71,218,29.75,10.08,1.04,0.0,0.0,0.0
3828,BEEF,58.9,213,32.9,8.01,1.03,0.0,0.0,0.0
3829,BEEF,59.55,205,33.26,6.99,1.04,0.0,0.0,0.0
3830,BEEF,46.05,358,23.53,28.5,0.84,0.0,0.0,0.0
3831,BEEF,55.7,244,28.05,13.8,0.98,0.0,0.0,0.0
3832,BEEF,51.9,297,28.94,19.17,0.9,0.0,0.0,0.0
3833,BEEF,53.44,283,29.23,17.56,0.91,0.0,0.0,0.0
3834,BEEF,58.83,212,33.36,7.67,1.0,0.0,0.0,0.0
3835,BEEF,61.2,195,33.37,5.8,1.01,0.0,0.0,0.0
3836,BEEF,47.92,334,27.18,24.14,0.89,0.0,0.0,0.0
3837,BEEF,51.93,306,26.39,21.48,1.14,0.0,0.0,0.0
3838,BEEF,53.39,288,27.17,19.02,1.33,0.0,0.0,0.0
3839,BEEF,54.8,253,31.06,13.3,0.99,0.0,0.0,0.0
3840,BEEF,57.85,231,30.45,11.14,1.27,0.0,0.0,0.0
3841,BEEF,58.79,216,30.68,9.44,1.58,0.0,0.0,0.0
3842,BEEF,46.1,372,22.8,30.49,0.9,0.0,0.0,
3843,BEEF,49.53,331,23.48,25.54,0.93,0.0,0.0,
3844,BEEF,57.9,238,27.53,13.4,1.08,0.0,0.0,0.0
3845,BEEF,56.8,253,27.53,15.0,1.08,0.0,0.0,
3846,BEEF,59.3,220,27.53,11.4,1.08,0.0,0.0,
3847,BEEF,57.52,249,27.27,14.74,1.1,0.0,0.0,0.0
3848,BEEF,51.08,312,24.73,22.84,1.08,0.0,0.0,
3849,BEEF,52.79,285,24.91,19.79,1.09,0.0,0.0,
3850,BEEF,62.59,193,29.41,7.53,1.18,0.0,0.0,0.0
3851,BEEF,58.7,225,28.04,11.7,1.23,0.0,0.0,
3852,BEEF,60.3,198,28.04,8.7,1.23,0.0,0.0,
3853,BEEF,57.33,223,33.56,8.86,1.0,0.0,0.0,0.0
3854,BEEF,64.46,187,27.42,7.72,1.09,0.0,0.0,0.0
3855,BEEF,56.74,230,32.73,10.0,1.01,0.0,0.0,0.0
3856,BEEF,63.54,199,26.76,9.37,1.06,0.0,0.0,0.0
3857,BEEF,57.92,217,34.39,7.72,0.99,0.0,0.0,0.0
3858,BEEF,65.37,175,28.08,6.06,1.12,0.0,0.0,0.0
3859,BEEF,58.09,214,34.0,7.67,1.01,0.0,0.0,0.0
3860,BEEF,65.37,177,27.76,6.48,1.1,0.0,0.0,0.0
3861,BEEF,57.36,223,33.08,9.03,1.02,0.0,0.0,0.0
3863,BEEF,58.82,206,34.93,6.3,1.01,0.0,0.0,0.0
3864,BEEF,65.9,169,28.29,5.33,1.13,0.0,0.0,0.0
3865,BEEF,65.05,167,29.66,4.46,1.21,0.0,0.0,0.0
3866,BEEF,64.5,171,29.79,4.83,1.19,0.0,0.0,0.0
3867,BEEF,65.92,162,29.45,3.97,1.21,0.0,0.0,0.0
3868,BEEF,65.35,163,29.85,3.9,1.27,0.0,0.0,0.0
3869,BEEF,64.83,166,29.94,4.26,1.21,0.0,0.0,0.0
3870,BEEF,66.2,157,29.52,3.43,1.19,0.0,0.0,0.0
3871,BEEF,64.67,188,26.79,8.21,1.11,0.0,0.0,0.0
3872,BEEF,63.8,196,27.01,8.9,1.1,0.0,0.0,0.0
3873,BEEF,65.54,181,26.57,7.53,1.12,0.0,0.0,0.0
3874,BEEF,66.75,174,27.53,6.2,0.81,0.0,0.0,0.0
3875,BEEF,65.62,176,27.68,6.42,1.12,0.0,0.0,0.0
3876,BEEF,67.88,149,27.37,4.38,1.16,0.0,0.0,0.0
3877,BEEF,57.9,209,35.62,6.31,1.72,0.0,0.0,0.0
3878,BEEF,57.31,216,35.62,7.09,1.72,0.0,0.0,0.0
3879,BEEF,58.49,200,35.62,5.33,1.72,0.0,0.0,0.0
3880,BEEF,58.1,207,36.12,5.8,1.75,0.0,0.0,0.0
3881,BEEF,59.3,190,36.12,4.0,1.75,0.0,0.0,0.0
3882,BEEF,60.38,211,30.5,8.91,1.37,0.0,0.0,0.0
3883,BEEF,59.78,217,30.21,9.71,1.38,0.0,0.0,0.0
3884,BEEF,61.29,202,30.93,7.7,1.36,0.0,0.0,0.0
3885,BEEF,60.76,198,30.7,8.32,1.38,0.0,0.0,0.0
3886,BEEF,60.21,211,30.45,9.03,1.39,0.0,0.0,0.0
3887,BEEF,61.58,198,31.09,7.25,1.37,0.0,0.0,0.0
3888,BEEF,59.98,223,28.57,11.15,1.12,0.0,0.0,0.0
3889,BEEF,58.83,233,28.19,12.51,1.11,0.0,0.0,0.0
3890,BEEF,61.71,207,29.16,9.12,1.14,0.0,0.0,0.0
3891,BEEF,61.74,202,29.53,8.41,1.15,0.0,0.0,0.0
3892,BEEF,60.74,211,29.22,9.52,1.14,0.0,0.0,0.0
3893,BEEF,63.25,189,29.99,6.74,1.17,0.0,0.0,0.0
3894,BEEF,60.33,212,29.33,9.67,1.26,0.0,0.0,0.0
3895,BEEF,59.68,219,29.02,10.54,1.22,0.0,0.0,0.0
3896,BEEF,60.97,206,29.65,8.8,1.3,0.0,0.0,0.0
3897,BEEF,62.98,183,30.55,5.79,1.31,0.0,0.0,0.0
3898,BEEF,62.38,188,30.29,6.55,1.27,0.0,0.0,0.0
3899,BEEF,63.58,177,30.8,5.03,1.35,0.0,0.0,0.0
3900,BEEF,54.66,276,23.96,19.27,1.17,0.0,0.0,0.0
3901,BEEF,53.95,283,23.61,20.15,1.08,0.0,0.0,0.0
3902,BEEF,55.69,267,24.47,17.98,1.29,0.0,0.0,0.0
3903,BEEF,70.32,155,22.32,6.6,1.02,0.0,0.0,0.0
3904,BEEF,61.05,213,28.16,10.32,1.05,0.0,0.0,0.0
3905,BEEF,60.38,212,26.07,11.18,1.28,0.0,0.0,0.0
3906,BEEF,59.13,224,25.51,12.8,1.17,0.0,0.0,0.0
3907,BEEF,71.46,145,22.61,5.41,1.03,0.0,0.0,0.0
3908,BEEF,62.16,203,28.92,8.76,1.1,0.0,0.0,0.0
3909,BEEF,62.19,194,26.89,8.81,1.44,0.0,0.0,0.0
3910,BEEF,57.78,247,24.18,15.93,1.1,0.0,0.0,0.0
3911,BEEF,56.97,258,24.05,17.26,1.08,0.0,0.0,0.0
3912,BEEF,58.97,230,24.38,14.0,1.12,0.0,0.0,0.0
3913,BEEF,70.73,153,22.22,6.5,1.01,0.0,0.0,0.0
3914,BEEF,61.15,212,27.86,10.37,1.05,0.0,0.0,0.0
3915,BEEF,62.5,198,25.98,9.61,1.17,0.0,0.0,0.0
3916,BEEF,71.86,144,22.41,5.34,1.02,0.0,0.0,0.0
3917,BEEF,61.98,206,28.45,9.35,1.09,0.0,0.0,0.0
3918,BEEF,63.73,177,26.0,7.36,1.2,0.0,0.0,0.0
3919,BEEF,59.92,198,33.9,5.92,0.98,0.0,0.0,0.0
3920,BEEF,72.01,151,20.48,7.01,1.0,0.0,0.0,0.0
3921,BEEF,71.4,156,20.16,7.73,0.99,0.0,0.0,0.0
3922,BEEF,72.62,145,20.8,6.28,1.01,0.0,0.0,0.0
3923,BEEF,63.87,182,29.93,6.05,1.19,0.0,0.0,0.0
3924,BEEF,64.28,162,30.09,3.77,1.29,0.0,0.0,0.0
3925,BEEF,64.37,166,30.24,4.11,1.22,0.0,0.0,0.0
3926,BEEF,65.87,158,29.81,3.37,1.26,0.0,0.0,0.0
3927,BEEF,55.78,270,25.56,17.86,1.04,0.0,0.0,0.0
3928,BEEF,58.37,241,23.87,15.37,0.88,0.0,0.0,0.0
3929,BEEF,59.36,238,22.86,15.54,1.04,0.0,0.0,0.0
3930,BEEF,55.85,277,25.38,18.66,0.97,0.0,0.0,0.0
3931,BEEF,54.3,332,14.35,30.0,0.7,0.0,0.0,0.0
3932,BEEF,70.62,157,19.71,8.54,0.92,0.21,0.0,0.0
3933,BEEF,62.11,196,28.15,9.23,1.13,0.0,0.0,0.0
3934,BEEF,61.73,202,28.28,9.83,1.04,0.0,0.0,0.0
3935,BEEF,62.67,187,27.96,8.34,1.27,0.0,0.0,0.0
3936,BEEF,72.42,139,20.36,6.42,1.1,0.0,0.0,0.0
3937,BEEF,71.79,143,20.35,6.88,1.0,0.0,0.0,0.0
3938,BEEF,73.35,133,20.39,5.73,1.25,0.0,0.0,0.0
3939,BEEF,72.7,132,21.47,5.11,1.03,0.0,0.0,0.0
3940,BEEF,72.21,137,21.28,5.75,1.0,0.0,0.0,0.0
3941,BEEF,73.43,124,21.74,4.14,1.07,0.0,0.0,0.0
3942,BEEF,61.04,210,27.59,11.07,1.11,0.0,0.0,0.0
3943,BEEF,73.17,123,21.64,4.09,1.13,0.0,0.0,0.0
3944,BEEF,72.95,125,21.45,4.35,1.14,0.11,0.0,0.0
3945,BEEF,73.51,121,21.93,3.7,1.12,0.0,0.0,0.0
3946,BEEF,60.31,220,27.51,12.26,1.02,0.0,0.0,0.0
3947,BEEF,68.8,180,19.18,11.48,0.97,0.0,0.0,0.0
3948,BEEF,68.26,185,19.14,12.02,0.98,0.0,0.0,0.0
3949,BEEF,69.61,173,19.25,10.67,0.95,0.0,0.0,0.0
3950,BEEF,64.81,214,20.01,14.42,0.96,0.0,0.0,0.0
3951,BEEF,56.97,259,26.11,16.59,1.01,0.0,0.0,0.0
3952,BEEF,63.98,222,19.79,15.42,0.94,0.0,0.0,0.0
3953,BEEF,55.96,268,25.85,17.68,0.99,0.0,0.0,0.0
3954,BEEF,61.88,192,19.06,12.4,0.92,0.0,0.0,0.0
3955,BEEF,58.68,245,26.06,15.09,1.04,0.0,0.0,0.0
3956,BEEF,61.08,251,18.42,19.06,0.88,0.0,0.0,0.0
3957,BEEF,49.58,331,25.85,24.5,0.92,0.0,0.0,0.0
3958,BEEF,59.07,277,17.94,22.18,0.81,0.0,0.0,0.0
3959,BEEF,52.48,289,28.82,18.42,0.94,0.0,0.0,0.0
3960,BEEF,59.96,265,17.65,20.98,0.82,0.0,0.0,0.0
3961,BEEF,48.3,349,24.4,27.17,0.87,0.0,0.0,0.0
3962,BEEF,62.33,244,19.23,17.98,0.86,0.0,0.0,0.0
3963,BEEF,50.45,302,30.12,19.22,0.92,0.0,0.0,0.0
3964,BEEF,61.78,249,19.14,18.57,0.87,0.0,0.0,0.0
3965,BEEF,49.35,309,30.2,19.93,0.93,0.0,0.0,0.0
3966,BEEF,62.88,239,19.33,17.39,0.85,0.0,0.0,0.0
3967,BEEF,51.56,295,30.05,18.5,0.91,0.0,0.0,0.0
3968,BEEF,61.23,248,17.16,19.41,0.82,0.0,0.0,0.0
3969,BEEF,47.67,341,26.78,25.12,0.88,0.0,0.0,0.0
3970,BEEF,59.93,265,16.98,21.31,0.81,0.0,0.0,0.0
3971,BEEF,46.32,359,26.37,27.26,0.87,0.0,0.0,0.0
3972,BEEF,62.83,230,17.37,17.33,0.84,0.0,0.0,0.0
3973,BEEF,49.4,318,27.33,22.35,0.89,0.0,0.0,0.0
3974,BEEF,64.79,183,26.65,8.46,1.0,0.0,0.0,0.0
3975,BEEF,63.88,190,26.41,9.36,0.99,0.0,0.0,0.0
3976,BEEF,66.16,172,27.02,7.12,1.01,0.0,0.0,0.0
3977,BEEF,55.24,306,16.53,26.1,0.78,0.0,0.0,
3978,BEEF,48.47,337,22.42,26.75,1.04,0.0,0.0,
3979,BEEF,48.12,351,22.77,28.11,0.99,0.0,0.0,
3980,BEEF,53.85,322,16.34,27.93,0.77,0.0,0.0,
3981,BEEF,47.33,352,22.26,28.5,1.03,0.0,0.0,
3982,BEEF,46.87,365,22.6,29.79,0.98,0.0,0.0,0.0
3983,BEEF,57.48,288,16.75,23.95,0.79,0.0,0.0,
3984,BEEF,50.41,315,22.73,24.2,1.05,0.0,0.0,
3985,BEEF,49.9,330,23.1,25.63,1.0,0.0,0.0,
3986,BEEF,51.51,355,16.15,31.66,0.76,0.0,0.0,
3987,BEEF,44.87,386,21.95,32.38,0.96,0.0,0.0,
3988,BEEF,43.4,400,22.57,33.7,0.91,0.0,0.0,
3989,BEEF,54.51,316,16.26,27.29,0.76,0.0,0.0,
3990,BEEF,48.74,338,21.55,27.22,1.04,0.0,0.0,
3991,BEEF,47.73,355,23.01,28.51,0.91,0.0,0.0,0.0
3992,BEEF,53.0,333,16.03,29.34,0.75,0.0,0.0,
3993,BEEF,45.96,370,20.86,31.18,1.0,0.0,0.0,
3994,BEEF,45.9,378,22.5,31.28,0.89,0.0,0.0,
3995,BEEF,56.35,295,16.52,24.85,0.77,0.0,0.0,
3996,BEEF,50.25,324,21.55,25.71,1.04,0.0,0.0,
3997,BEEF,49.4,333,23.4,25.84,0.93,0.0,0.0,
3998,BEEF,50.4,367,15.77,33.26,0.73,0.0,0.0,
3999,BEEF,43.48,404,20.65,34.97,0.9,0.0,0.0,
4000,BEEF,44.49,393,22.86,32.74,0.91,0.0,0.0,
4001,BEEF,61.05,254,19.33,19.06,0.9,0.0,0.0,0.0
4002,BEEF,53.65,291,25.85,20.04,1.05,0.0,0.0,0.0
4003,BEEF,48.97,341,22.54,27.14,1.11,0.0,0.0,
4004,BEEF,60.11,263,19.09,20.13,0.9,0.0,0.0,0.0
4005,BEEF,52.93,304,24.53,22.09,1.04,0.0,0.0,0.0
4006,BEEF,47.18,359,22.28,29.21,1.09,0.0,0.0,
4007,BEEF,62.0,246,19.56,18.0,0.89,0.0,0.0,0.0
4008,BEEF,54.36,278,27.17,18.0,1.06,0.0,0.0,0.0
4009,BEEF,50.84,323,22.76,25.02,1.12,0.0,0.0,
4010,BEEF,53.22,335,16.74,29.18,0.8,0.0,0.0,
4011,BEEF,47.36,354,24.13,27.86,1.05,0.0,0.0,
4012,BEEF,41.82,411,22.15,35.12,0.91,0.0,0.0,
4013,BEEF,62.15,194,27.7,9.29,1.25,0.0,0.0,0.0
4014,BEEF,71.89,146,20.16,7.25,1.09,0.0,0.0,0.0
4015,BEEF,65.44,195,20.56,11.92,0.98,0.0,0.0,0.0
4016,BEEF,56.73,235,27.54,12.98,1.32,0.0,0.0,0.0
4017,BEEF,66.62,184,20.56,10.68,0.98,0.0,0.0,0.0
4018,BEEF,58.49,218,27.58,11.08,1.33,0.0,0.0,0.0
4019,BEEF,66.88,192,20.7,11.54,1.01,0.0,0.0,0.0
4020,BEEF,54.97,247,32.76,11.87,0.98,0.0,0.0,0.0
4021,BEEF,61.6,218,26.41,11.64,1.05,0.0,0.0,0.0
4022,BEEF,66.32,198,20.71,12.15,1.02,0.0,0.0,0.0
4023,BEEF,54.27,254,32.85,12.56,0.95,0.0,0.0,0.0
4024,BEEF,61.09,223,26.05,12.44,1.01,0.0,0.0,0.0
4025,BEEF,67.44,187,20.68,10.93,0.99,0.0,0.0,0.0
4026,BEEF,55.67,240,32.67,11.19,1.01,0.0,0.0,0.0
4027,BEEF,62.1,212,26.77,10.85,1.08,0.0,0.0,0.0
4028,BEEF,69.31,166,21.49,8.24,1.01,0.0,0.0,0.0
4029,BEEF,61.97,208,28.31,9.65,1.1,0.0,0.0,0.0
4030,BEEF,68.57,173,21.68,8.91,1.03,0.0,0.0,0.0
4031,BEEF,61.36,212,28.48,10.05,1.06,0.0,0.0,0.0
4032,BEEF,70.06,159,21.3,7.57,0.99,0.0,0.0,0.0
4033,BEEF,62.58,204,28.13,9.26,1.13,0.0,0.0,0.0
4034,BEEF,66.1,189,19.6,11.67,0.95,0.0,0.0,
4035,BEEF,61.56,219,27.45,11.34,1.13,0.0,0.0,0.0
4036,BEEF,65.43,199,19.48,12.83,0.94,0.0,0.0,0.0
4037,BEEF,60.92,228,27.27,12.34,1.12,0.0,0.0,0.0
4038,BEEF,66.86,178,19.74,10.39,0.96,0.0,0.0,0.0
4039,BEEF,62.31,210,27.63,10.24,1.14,0.0,0.0,0.0
4040,BEEF,71.12,152,20.07,7.94,0.99,0.0,0.0,0.0
4041,BEEF,54.18,228,33.93,8.33,1.53,2.03,0.0,0.0
4042,BEEF,69.04,166,22.06,7.93,1.1,0.0,0.0,0.0
4043,BEEF,54.68,238,34.34,10.13,1.66,0.0,0.0,0.0
4044,BEEF,59.59,204,30.67,9.0,1.16,0.0,0.0,0.0
4045,BEEF,68.8,168,21.94,8.19,1.11,0.0,0.0,0.0
4046,BEEF,53.83,250,34.09,11.61,1.65,0.0,0.0,0.0
4047,BEEF,58.46,224,30.7,10.27,1.18,0.0,0.0,0.0
4048,BEEF,52.36,266,32.99,13.83,1.45,0.0,0.0,0.0
4049,BEEF,69.29,164,22.18,7.68,1.08,0.0,0.0,0.0
4050,BEEF,55.63,225,34.6,8.54,1.67,0.0,0.0,0.0
4051,BEEF,60.72,201,30.63,7.73,1.14,0.0,0.0,0.0
4052,BEEF,68.73,173,22.24,8.67,1.07,0.0,0.0,0.0
4053,BEEF,59.51,225,31.27,10.1,1.36,0.0,0.0,0.0
4054,BEEF,73.04,137,20.28,6.21,1.24,0.0,0.0,0.0
4055,BEEF,69.89,165,20.32,9.29,0.98,0.0,0.0,0.0
4056,BEEF,64.12,218,20.36,14.58,0.93,0.0,0.0,0.0
4057,BEEF,54.76,284,24.85,19.78,0.95,0.0,0.0,0.0
4058,BEEF,63.43,228,20.0,15.83,0.91,0.0,0.0,0.0
4059,BEEF,53.91,294,24.21,21.13,0.94,0.0,0.0,0.0
4060,BEEF,63.43,228,20.61,15.49,0.9,0.0,0.0,0.0
4061,BEEF,56.48,264,26.44,16.78,1.03,0.0,0.0,0.0
4062,BEEF,61.49,237,19.32,17.1,0.79,0.0,0.0,0.0
4063,BEEF,54.99,278,26.16,18.45,1.02,0.0,0.0,0.0
4064,BEEF,63.95,224,20.59,15.04,0.87,0.0,0.0,0.0
4065,BEEF,57.96,250,26.72,15.11,1.04,0.0,0.0,0.0
4066,BEEF,58.42,281,19.0,22.17,0.77,0.0,0.0,0.0
4067,BEEF,51.34,310,25.92,22.12,1.06,0.0,0.0,0.0
4068,BEEF,61.52,247,19.61,18.16,0.92,0.0,0.0,0.0
4069,BEEF,56.04,267,26.46,17.12,1.06,0.0,0.0,0.0
4070,BEEF,48.37,324,23.9,24.6,1.18,0.0,0.0,0.0
4071,BEEF,61.69,246,19.82,17.88,0.94,0.0,0.0,0.0
4072,BEEF,55.53,273,26.43,17.78,1.01,0.0,0.0,0.0
4073,BEEF,47.99,331,23.9,25.39,1.18,0.0,0.0,0.0
4074,BEEF,61.33,249,19.37,18.46,0.9,0.0,0.0,0.0
4075,BEEF,56.5,262,26.48,16.53,1.09,0.0,0.0,0.0
4076,BEEF,48.86,316,23.9,23.7,1.18,0.0,0.0,0.0
4077,BEEF,59.52,274,18.15,21.83,0.88,0.0,0.0,0.0
4078,BEEF,51.84,308,25.26,22.21,1.16,0.0,0.0,0.0
4079,BEEF,48.28,343,24.04,26.67,1.01,0.0,0.0,0.0
4080,BEEF,66.09,201,20.3,12.71,1.03,0.0,0.0,0.0
4081,BEEF,58.36,243,26.96,14.23,1.11,0.0,0.0,0.0
4082,BEEF,64.87,214,19.92,14.28,0.97,0.0,0.0,0.0
4083,BEEF,56.81,257,26.8,15.75,1.1,0.0,0.0,0.0
4084,BEEF,49.56,313,28.77,21.06,1.28,0.0,0.0,0.0
4085,BEEF,67.32,189,20.68,11.13,1.08,0.0,0.0,0.0
4086,BEEF,59.92,230,27.12,12.71,1.11,0.0,0.0,0.0
4087,BEEF,64.39,171,25.95,6.69,1.13,0.0,0.0,0.0
4088,BEEF,64.21,172,28.09,5.82,1.3,0.0,0.0,0.0
4090,BEEF,65.24,169,28.71,5.17,1.25,0.0,0.0,0.0
4091,BEEF,64.17,192,27.66,8.23,1.09,0.0,0.0,0.0
4092,BEEF,65.01,183,27.78,7.15,1.13,0.0,0.0,0.0
4093,BEEF,59.38,205,33.59,6.77,0.98,0.0,0.0,0.0
4094,BEEF,59.16,234,27.95,12.71,1.12,0.0,0.0,0.0
4095,BEEF,57.52,249,27.27,14.74,1.1,0.0,0.0,0.0
4097,BEEF,70.08,165,20.64,8.55,1.03,0.0,0.0,0.0
4098,BEEF,61.82,221,25.66,12.36,1.03,0.0,0.0,0.0
4099,BEEF,69.37,174,20.64,9.51,1.0,0.0,0.0,0.0
4100,BEEF,63.45,201,26.44,9.78,1.06,0.0,0.0,0.0
4101,BEEF,70.73,157,20.64,7.68,1.06,0.0,0.0,0.0
4102,BEEF,64.68,167,29.96,4.28,1.24,0.0,0.0,0.0
4103,BEEF,65.59,161,25.74,5.69,1.5,0.0,0.0,0.0
4104,BEEF,67.26,157,26.13,5.02,1.15,0.0,0.0,0.0
4105,BEEF,61.63,217,26.11,11.65,1.03,0.0,0.0,0.0
4106,BEEF,64.32,184,26.16,8.0,1.21,0.0,0.0,0.0
4107,BEEF,64.09,170,30.12,4.62,1.21,0.0,0.0,0.0
4108,BEEF,65.58,162,29.7,3.85,1.25,0.0,0.0,0.0
4109,BEEF,70.73,155,21.22,7.17,1.0,0.0,0.0,0.0
4110,BEEF,71.99,145,21.22,6.06,0.98,0.0,0.0,0.0
4111,BEEF,72.48,137,20.61,6.01,1.03,0.0,0.0,0.0
4112,BEEF,72.16,139,20.67,6.21,1.05,0.0,0.0,0.0
4113,BEEF,72.96,133,20.52,5.71,1.01,0.0,0.0,0.0
4114,BEEF,69.47,169,20.15,9.86,0.96,0.0,0.0,0.0
4115,BEEF,61.77,205,26.66,10.06,1.09,0.0,0.0,0.0
4116,BEEF,59.17,233,24.18,14.37,0.95,0.0,0.0,0.0
4117,BEEF,55.94,250,28.84,14.95,0.9,0.0,0.0,0.0
4118,BEEF,58.71,224,28.79,12.08,0.93,0.0,0.0,0.0
4119,BEEF,57.05,240,28.82,13.8,0.91,0.0,0.0,0.0
4120,BEEF,70.52,158,20.57,8.45,1.01,0.0,0.0,0.0
6050,BEEF,23.36,410,33.2,25.6,6.8,11.0,1.8,9.0
7022,BEEF,73.0,113,5.89,1.96,1.15,17.99,1.4,3.8
7025,BEEF,58.05,220,7.25,11.39,1.26,22.05,0.8,
7034,BEEF,80.78,99,4.41,5.53,1.43,7.85,0.9,1.76
7036,BEEF,70.32,164,8.73,10.24,1.5,9.27,1.1,0.34
7111,BEEF,72.58,130,21.39,4.97,1.13,0.0,0.0,0.0
7112,BEEF,64.67,214,20.49,14.06,0.94,0.0,0.0,0.0
7113,BEEF,55.6,276,25.4,18.57,0.98,0.0,0.0,0.0
7114,BEEF,65.49,208,20.69,13.27,0.95,0.0,0.0,0.0
7115,BEEF,56.87,263,26.21,16.75,1.03,0.0,0.0,0.0
7116,BEEF,64.06,223,20.11,15.18,0.92,0.0,0.0,0.0
7117,BEEF,54.5,289,24.6,20.36,0.96,0.0,0.0,0.0
7118,BEEF,65.0,215,20.28,14.19,0.92,0.0,0.0,0.0
7119,BEEF,55.38,281,25.18,19.22,0.99,0.0,0.0,0.0
7120,BEEF,73.0,133,21.41,4.66,1.05,0.0,0.0,0.0
7122,BEEF,73.52,124,21.96,3.24,1.12,0.0,0.0,0.0
7127,BEEF,72.49,143,20.39,6.12,0.91,0.0,0.0,0.0
7135,BEEF,72.05,150,20.74,6.85,0.96,0.0,0.0,0.0
7137,BEEF,72.72,137,20.98,5.21,0.92,0.0,0.0,0.0
7141,BEEF,73.28,129,22.15,3.83,1.06,0.0,0.0,0.0
7142,BEEF,65.76,166,28.01,5.17,1.2,0.0,0.0,0.0
7145,BEEF,73.25,129,21.69,4.0,1.09,0.0,0.0,0.0
7148,BEEF,64.88,182,26.3,7.66,1.04,0.0,0.0,0.0
7149,BEEF,70.46,176,18.99,10.52,0.9,0.0,0.0,0.0
7151,BEEF,72.45,143,20.93,5.89,0.96,0.0,0.0,0.0
7156,BEEF,68.73,175,19.38,10.7,0.9,0.29,0.0,0.0
7157,BEEF,70.24,161,20.14,8.99,0.93,0.0,0.0,0.0
7158,BEEF,69.33,169,19.68,10.02,0.91,0.05,0.0,0.0
7159,BEEF,56.64,234,30.95,12.22,1.06,0.0,0.0,0.0
7160,BEEF,57.54,221,32.1,10.24,1.12,0.0,0.0,0.0
7162,BEEF,70.58,152,20.87,7.67,0.94,0.0,0.0,0.0
7163,BEEF,72.11,137,21.1,5.89,0.99,0.0,0.0,0.0
7164,BEEF,71.19,146,20.96,6.95,0.96,0.0,0.0,0.0
7165,BEEF,60.35,215,27.97,11.47,1.03,0.0,0.0,0.0
7166,BEEF,61.45,199,27.88,9.77,1.03,0.0,0.0,0.0
7167,BEEF,60.79,209,27.94,10.79,1.03,0.0,0.0,0.0
7168,BEEF,69.48,160,21.31,8.29,0.92,0.0,0.0,0.0
7169,BEEF,71.41,143,21.28,6.47,0.98,0.0,0.0,0.0
7170,BEEF,70.25,153,21.29,7.56,0.94,0.0,0.0,0.0
7171,BEEF,60.05,200,31.32,8.3,1.42,0.0,0.0,0.0
7172,BEEF,60.96,190,31.71,7.02,1.38,0.0,0.0,0.0
7173,BEEF,60.41,196,31.48,7.78,1.4,0.0,0.0,0.0
7174,BEEF,59.17,197,33.55,6.94,1.62,0.0,0.0,0.0
7175,BEEF,60.8,181,32.96,5.44,1.69,0.0,0.0,0.0
7176,BEEF,59.82,190,33.31,6.34,1.65,0.0,0.0,0.0
7177,BEEF,73.2,127,21.36,4.6,1.25,0.0,0.0,0.0
7178,BEEF,74.46,117,21.22,3.53,1.12,0.0,0.0,0.0
7179,BEEF,73.71,123,21.3,4.17,1.19,0.0,0.0,0.0
7180,BEEF,60.08,191,32.41,6.82,1.26,0.0,0.0,0.0
7181,BEEF,60.97,186,32.29,6.34,1.18,0.0,0.0,0.0
7182,BEEF,59.49,194,32.49,7.14,1.31,0.0,0.0,0.0
7183,BEEF,72.51,128,21.75,4.48,1.11,0.16,0.0,0.0
7184,BEEF,72.79,124,21.9,3.99,1.12,0.21,0.0,0.0
7185,BEEF,72.32,130,21.64,4.81,1.11,0.12,0.0,0.0
7186,BEEF,57.56,222,30.91,10.91,1.56,0.0,0.0,0.0
7187,BEEF,58.92,215,32.01,9.66,1.2,0.0,0.0,0.0
7188,BEEF,58.11,219,31.35,10.41,1.42,0.0,0.0,0.0
7189,BEEF,52.51,291,26.7,20.49,1.22,0.0,0.0,0.0
7190,BEEF,61.36,207,27.97,10.57,1.02,0.0,0.0,0.0
7191,BEEF,57.57,240,27.18,14.55,1.02,0.0,0.0,0.0
7192,BEEF,66.7,196,19.17,13.26,0.98,0.0,0.0,0.0
7193,BEEF,66.0,202,19.15,13.93,0.98,0.0,0.0,0.0
7194,BEEF,67.76,187,19.2,12.27,0.98,0.0,0.0,0.0
7195,BEEF,59.08,227,26.18,13.54,0.99,0.21,0.0,0.0
7196,BEEF,58.12,236,26.1,14.41,0.98,0.4,0.0,0.0
7197,BEEF,60.52,215,26.3,12.25,1.01,0.0,0.0,0.0
7198,BEEF,68.11,182,18.99,11.64,0.9,0.36,0.0,0.0
7199,BEEF,67.31,189,18.85,12.4,0.9,0.53,0.0,0.0
7200,BEEF,69.3,172,19.2,10.5,0.91,0.09,0.0,0.0
7201,BEEF,72.3,133,21.17,5.33,1.13,0.07,0.0,0.0
7202,BEEF,73.01,127,21.72,4.44,1.11,0.0,0.0,0.0
7203,BEEF,60.3,236,24.63,15.29,0.94,0.0,0.0,0.0
7204,BEEF,59.63,241,24.47,15.87,0.94,0.0,0.0,0.0
7205,BEEF,61.29,229,24.86,14.41,0.94,0.0,0.0,0.0
7206,BEEF,53.8,275,28.23,18.0,1.3,0.0,0.0,0.0
7207,BEEF,52.71,284,27.6,19.3,1.4,0.0,0.0,0.0
7208,BEEF,55.43,261,29.18,16.05,1.15,0.0,0.0,0.0
7209,BEEF,57.29,220,32.07,10.18,1.62,0.0,0.0,0.0
7210,BEEF,56.78,225,32.21,10.74,1.55,0.0,0.0,0.0
7211,BEEF,58.05,211,31.86,9.34,1.71,0.0,0.0,0.0
7212,BEEF,73.3,128,21.13,4.79,1.19,0.0,0.0,0.0
7213,BEEF,72.83,131,21.19,5.18,1.24,0.0,0.0,0.0
7214,BEEF,74.01,122,21.05,4.2,1.11,0.0,0.0,0.0
7215,BEEF,52.01,305,25.48,22.58,0.83,0.0,0.0,0.0
7216,BEEF,50.69,317,25.26,24.05,0.82,0.0,0.0,0.0
7217,BEEF,53.99,287,25.81,20.38,0.84,0.0,0.0,0.0
7218,BEEF,63.84,235,17.48,18.33,0.84,0.0,0.0,0.0
7219,BEEF,63.23,240,17.22,19.03,0.83,0.0,0.0,0.0
7220,BEEF,64.76,227,17.87,17.28,0.86,0.0,0.0,0.0
7221,BEEF,59.76,204,31.03,8.92,1.38,0.0,0.0,0.0
7222,BEEF,59.49,207,30.93,9.25,1.4,0.0,0.0,0.0
7223,BEEF,60.15,200,31.18,8.41,1.35,0.0,0.0,0.0
7224,BEEF,51.91,296,27.69,20.55,0.96,0.0,0.0,0.0
7225,BEEF,51.36,303,27.16,21.56,0.94,0.0,0.0,0.0
7226,BEEF,52.74,285,28.47,19.03,0.99,0.0,0.0,0.0
7227,BEEF,66.33,205,18.97,14.32,0.88,0.0,0.0,0.0
7228,BEEF,65.78,210,18.87,14.99,0.86,0.0,0.0,0.0
7229,BEEF,67.17,196,19.1,13.33,0.91,0.0,0.0,0.0
7230,BEEF,55.22,277,24.98,19.64,0.94,0.0,0.0,0.0
7231,BEEF,54.74,283,24.95,20.35,0.94,0.0,0.0,0.0
7232,BEEF,55.93,267,25.03,18.57,0.94,0.0,0.0,0.0
7233,BEEF,64.48,223,18.86,16.35,0.86,0.0,0.0,0.0
7234,BEEF,63.98,227,18.86,16.85,0.84,0.0,0.0,0.0
7235,BEEF,65.24,216,18.86,15.6,0.89,0.0,0.0,0.0
7236,BEEF,58.66,231,27.12,13.64,1.05,0.0,0.0,0.0
7237,BEEF,60.3,219,27.03,12.29,1.11,0.0,0.0,0.0
7238,BEEF,60.57,217,27.3,11.97,1.01,0.0,0.0,0.0
7239,BEEF,62.56,192,28.98,8.48,1.05,0.0,0.0,0.0
7240,BEEF,69.24,166,21.22,9.04,0.97,0.0,0.0,0.0
7241,BEEF,68.58,173,20.93,9.97,0.95,0.0,0.0,0.0
7242,BEEF,70.21,155,21.65,7.64,1.0,0.0,0.0,0.0
7243,BEEF,70.14,156,21.99,7.54,1.01,0.0,0.0,0.0
7244,BEEF,69.65,161,21.62,8.29,0.99,0.0,0.0,0.0
7245,BEEF,70.89,148,22.55,6.41,1.03,0.0,0.0,0.0
7246,BEEF,59.69,221,27.4,12.43,1.09,0.0,0.0,0.0
7247,BEEF,59.13,229,27.03,13.44,1.04,0.0,0.0,0.0
7248,BEEF,60.51,210,27.96,10.91,1.15,0.0,0.0,0.0
7249,BEEF,59.55,218,28.21,11.68,1.05,0.0,0.0,0.0
7250,BEEF,58.26,229,27.87,13.01,1.01,0.0,0.0,0.0
7251,BEEF,61.49,202,28.72,9.68,1.11,0.0,0.0,0.0
7252,BEEF,57.0,234,29.99,12.69,1.05,0.0,0.0,0.0
7253,BEEF,69.5,164,21.17,8.82,0.95,0.0,0.0,0.0
7254,BEEF,56.33,242,29.56,13.72,1.03,0.0,0.0,0.0
7255,BEEF,68.91,171,20.89,9.76,0.94,0.0,0.0,0.0
7256,BEEF,58.01,223,30.64,11.16,1.09,0.0,0.0,0.0
7257,BEEF,70.4,153,21.61,7.41,0.97,0.0,0.0,0.0
7258,BEEF,52.29,282,27.68,19.01,1.3,0.0,0.0,0.0
7259,BEEF,65.6,206,18.74,14.53,0.94,0.19,0.0,0.0
7260,BEEF,51.62,291,27.03,20.28,1.28,0.0,0.0,0.0
7261,BEEF,65.19,212,18.47,15.26,0.92,0.17,0.0,0.0
7262,BEEF,53.31,268,28.65,17.1,1.33,0.0,0.0,0.0
7263,BEEF,66.22,198,19.14,13.44,0.97,0.23,0.0,0.0
7264,BEEF,60.91,206,28.11,10.37,1.09,0.0,0.0,0.0
7265,BEEF,69.93,154,21.85,7.41,0.98,0.0,0.0,0.0
7266,BEEF,60.09,215,27.39,11.75,1.06,0.0,0.0,0.0
7267,BEEF,69.22,162,21.44,8.5,0.97,0.0,0.0,0.0
7268,BEEF,62.15,191,29.18,8.31,1.15,0.0,0.0,0.0
7269,BEEF,71.0,142,22.46,5.78,1.0,0.0,0.0,0.0
7270,BEEF,51.12,299,28.36,20.57,0.64,0.0,0.0,0.0
7271,BEEF,61.7,239,19.11,17.91,0.82,0.46,0.0,0.0
7272,BEEF,50.5,306,27.75,21.72,0.6,0.0,0.0,0.0
7273,BEEF,60.48,252,18.72,19.36,0.8,0.64,0.0,0.0
7274,BEEF,52.05,287,29.28,18.84,0.7,0.0,0.0,0.0
7275,BEEF,63.52,221,19.71,15.73,0.84,0.2,0.0,0.0
7276,BEEF,52.36,313,22.71,24.7,0.9,0.0,0.0,0.0
7277,BEEF,53.01,304,23.19,23.47,0.98,0.0,0.0,0.0
7278,BEEF,52.62,309,22.9,24.2,0.93,0.0,0.0,0.0
7279,BEEF,52.38,307,23.53,23.61,0.91,0.0,0.0,0.0
7280,BEEF,54.66,290,23.36,21.85,0.99,0.0,0.0,0.0
7281,BEEF,53.29,300,23.47,22.91,0.94,0.0,0.0,0.0
7282,BEEF,60.8,255,18.13,20.31,0.85,0.0,0.0,0.0
7283,BEEF,60.35,260,17.92,20.96,0.84,0.0,0.0,0.0
7284,BEEF,61.47,248,18.44,19.34,0.88,0.0,0.0,0.0
7285,BEEF,53.5,303,22.92,23.52,0.88,0.0,0.0,0.0
7286,BEEF,55.98,273,24.83,19.25,0.93,0.0,0.0,0.0
7287,BEEF,54.49,291,23.69,21.81,0.9,0.0,0.0,0.0
7288,BEEF,53.79,292,24.3,21.66,0.93,0.0,0.0,0.0
7289,BEEF,52.62,303,23.92,22.98,0.89,0.0,0.0,0.0
7290,BEEF,55.56,277,24.85,19.68,0.98,0.0,0.0,0.0
7291,BEEF,61.77,244,18.85,18.73,0.89,0.0,0.0,0.0
7292,BEEF,60.9,253,18.39,19.95,0.87,0.0,0.0,0.0
7293,BEEF,63.08,230,19.55,16.9,0.91,0.0,0.0,0.0
7294,BEEF,56.07,245,29.36,14.2,1.04,0.0,0.0,0.0
7295,BEEF,55.35,253,28.9,15.3,1.01,0.0,0.0,0.0
7296,BEEF,57.16,233,30.06,12.54,1.08,0.0,0.0,0.0
7297,BEEF,67.25,187,20.38,11.71,0.92,0.0,0.0,0.0
7298,BEEF,66.55,195,20.06,12.78,0.91,0.0,0.0,0.0
7299,BEEF,68.31,174,20.87,10.11,0.94,0.0,0.0,0.0
7300,BEEF,58.69,240,25.07,14.53,1.09,0.62,0.0,0.0
7301,BEEF,51.41,292,27.06,20.47,1.28,0.0,0.0,0.0
7302,BEEF,50.82,300,26.46,21.62,1.26,0.0,0.0,0.0
7303,BEEF,52.3,281,27.95,18.75,1.31,0.0,0.0,0.0
7304,BEEF,63.17,232,17.98,17.59,0.91,0.35,0.0,0.0
7305,BEEF,62.64,238,17.69,18.44,0.88,0.35,0.0,0.0
7306,BEEF,63.96,222,18.43,16.31,0.94,0.36,0.0,0.0
7307,BEEF,55.59,271,24.85,19.02,0.99,0.0,0.0,0.0
7308,BEEF,54.37,285,23.89,21.1,0.95,0.0,0.0,0.0
7309,BEEF,57.42,248,26.29,15.9,1.05,0.0,0.0,0.0
7310,BEEF,63.02,228,19.26,16.71,0.88,0.12,0.0,0.0
7311,BEEF,61.82,241,18.69,18.43,0.87,0.2,0.0,0.0
7312,BEEF,64.83,208,20.12,14.14,0.91,0.0,0.0,0.0
7313,BEEF,46.49,360,24.23,29.21,0.62,0.0,0.0,0.0
7314,BEEF,45.56,372,23.34,30.95,0.59,0.0,0.0,0.0
7315,BEEF,47.88,341,25.56,26.59,0.67,0.0,0.0,0.0
7316,BEEF,53.91,324,16.15,28.42,0.73,0.78,0.0,0.0
7317,BEEF,52.74,336,15.75,29.89,0.72,0.9,0.0,0.0
7318,BEEF,55.67,305,16.75,26.23,0.75,0.6,0.0,0.0
7319,BEEF,63.64,173,28.97,6.37,1.11,0.0,0.0,0.0
7320,BEEF,72.28,132,23.03,4.4,1.04,0.0,0.0,0.0
7321,BEEF,62.62,181,28.26,7.23,1.17,0.73,0.0,0.0
7322,BEEF,61.65,189,28.19,7.96,1.14,1.07,0.0,0.0
7323,BEEF,64.07,170,28.36,6.14,1.21,0.22,0.0,0.0
7324,BEEF,72.93,134,21.38,5.36,0.98,0.0,0.0,0.0
7325,BEEF,72.52,138,21.34,5.82,0.99,0.0,0.0,0.0
7326,BEEF,73.56,128,21.44,4.68,0.98,0.0,0.0,0.0
7327,BEEF,60.67,195,29.33,8.54,1.16,0.3,0.0,0.0
7328,BEEF,60.0,203,28.99,9.48,1.17,0.36,0.0,0.0
7329,BEEF,61.68,184,29.85,7.12,1.15,0.2,0.0,0.0
7330,BEEF,60.91,195,28.33,8.76,1.17,0.82,0.0,0.0
7331,BEEF,59.74,206,28.24,9.97,1.18,0.88,0.0,0.0
7332,BEEF,62.67,179,28.48,6.95,1.15,0.74,0.0,0.0
7333,BEEF,70.59,143,22.61,5.84,1.0,0.0,0.0,0.0
7334,BEEF,69.79,149,22.5,6.48,1.0,0.23,0.0,0.0
7335,BEEF,71.8,135,22.77,4.88,1.01,0.0,0.0,0.0
7336,BEEF,62.92,171,30.58,5.37,1.31,0.0,0.0,0.0
7337,BEEF,62.57,174,30.45,5.83,1.32,0.0,0.0,0.0
7338,BEEF,63.44,165,30.78,4.68,1.3,0.0,0.0,0.0
7339,BEEF,63.93,170,29.12,5.92,1.12,0.0,0.0,0.0
7340,BEEF,64.36,165,29.35,5.25,1.12,0.0,0.0,0.0
7341,BEEF,72.67,128,23.04,3.98,1.06,0.0,0.0,0.0
7342,BEEF,73.27,122,23.05,3.35,1.07,0.0,0.0,0.0
7343,BEEF,71.57,133,22.66,4.66,1.06,0.04,0.0,0.0
7344,BEEF,70.99,138,22.52,5.29,1.03,0.18,0.0,0.0
7345,BEEF,72.46,125,22.89,3.72,1.11,0.0,0.0,0.0
7346,BEEF,57.18,246,24.66,15.7,0.94,1.53,0.0,0.0
7347,BEEF,55.8,259,24.24,17.21,0.95,1.81,0.0,0.0
7348,BEEF,59.26,226,25.28,13.43,0.93,1.1,0.0,0.0
7349,BEEF,67.31,180,19.7,10.6,0.89,1.51,0.0,0.0
7350,BEEF,66.5,187,19.46,11.4,0.89,1.75,0.0,0.0
7351,BEEF,68.53,169,20.05,9.39,0.88,1.15,0.0,0.0
7352,BEEF,60.74,199,28.77,9.2,1.12,0.17,0.0,0.0
7353,BEEF,59.75,208,28.35,10.26,1.12,0.51,0.0,0.0
7354,BEEF,62.22,186,29.39,7.61,1.12,0.0,0.0,0.0
7355,BEEF,63.52,178,28.15,7.31,1.09,0.0,0.0,0.0
7356,BEEF,62.52,188,28.0,8.42,1.07,0.0,0.0,0.0
7357,BEEF,65.02,164,28.37,5.65,1.12,0.0,0.0,0.0
7358,BEEF,57.1,242,26.0,15.0,1.1,0.8,0.0,0.0
7359,BEEF,57.2,238,26.3,14.3,1.1,1.1,0.0,0.0
7360,BEEF,56.9,249,25.5,16.1,1.1,0.4,0.0,0.0
7361,BEEF,67.4,191,19.9,12.4,0.9,0.0,0.0,0.0
7362,BEEF,66.5,199,19.7,13.4,0.9,0.0,0.0,0.0
7363,BEEF,68.6,179,20.1,10.9,0.9,0.0,0.0,0.0
7364,BEEF,56.8,239,27.4,14.1,1.1,0.6,0.0,0.0
7365,BEEF,55.6,253,26.8,15.9,1.1,0.6,0.0,0.0
7366,BEEF,58.6,219,28.3,11.6,1.1,0.4,0.0,0.0
7367,BEEF,58.0,228,27.0,12.9,1.1,1.0,0.0,0.0
7368,BEEF,56.9,239,26.8,14.1,1.1,1.1,0.0,0.0
7369,BEEF,59.7,213,27.1,11.2,1.1,0.9,0.0,0.0
7370,BEEF,66.4,187,21.1,11.3,0.9,0.3,0.0,0.0
7371,BEEF,65.1,199,20.8,12.6,0.9,0.6,0.0,0.0
7372,BEEF,68.4,170,21.6,9.3,1.0,0.0,0.0,0.0
7373,BEEF,63.56,234,17.72,18.12,0.82,0.0,0.0,0.0
7374,BEEF,72.42,138,20.85,6.11,1.08,0.0,0.0,0.0
7375,BEEF,66.47,191,20.19,12.3,1.04,0.0,0.0,0.0
7376,BEEF,36.51,509,11.32,51.36,0.42,0.39,0.0,0.0
7377,BEEF,31.2,562,9.58,57.73,0.44,1.06,0.0,0.0
7378,BEEF,30.25,596,6.54,63.27,0.4,0.0,0.0,0.0
7379,BEEF,30.44,594,6.0,63.3,0.32,0.0,0.0,
7380,BEEF,25.17,639,5.54,68.07,0.25,0.97,0.0,0.0
7381,BEEF,28.13,627,5.16,67.33,0.22,0.0,0.0,0.0
7382,BEEF,71.21,151,20.53,7.63,1.06,0.01,0.0,0.0
7383,BEEF,72.95,131,21.79,4.87,1.01,0.0,0.0,0.0
7384,BEEF,65.2,206,19.71,14.09,1.02,0.0,0.0,0.0
7385,BEEF,66.42,199,19.9,13.17,0.91,0.11,0.0,0.0
7386,BEEF,74.1,122,21.9,3.87,1.11,0.0,0.0,0.0
7387,BEEF,70.09,160,21.47,8.2,0.96,0.0,0.0,0.0
7388,BEEF,73.31,130,21.4,4.93,1.06,0.0,0.0,0.0
7389,BEEF,73.05,129,22.41,4.43,1.09,0.0,0.0,0.0
7390,BEEF,61.91,237,18.87,17.73,0.93,0.57,0.0,0.0
7391,BEEF,63.07,223,20.15,15.69,0.89,0.2,0.0,0.0
7392,BEEF,53.09,331,16.92,29.15,0.71,0.13,0.0,0.0
7393,BEEF,61.92,234,20.35,16.93,0.91,0.0,0.0,0.0
7394,BEEF,52.58,330,17.61,28.61,0.73,0.46,0.0,0.0
7395,BEEF,73.65,127,21.77,4.45,1.1,0.01,0.0,0.0
7396,BEEF,64.6,217,19.8,15.21,0.88,0.11,0.0,0.0
7397,BEEF,72.33,140,21.13,6.16,1.04,0.01,0.0,0.0
7398,BEEF,72.52,129,22.24,4.4,1.09,0.0,0.0,0.0
7399,BEEF,57.21,289,17.67,24.2,0.8,0.17,0.0,0.0
7400,BEEF,47.68,392,14.58,36.98,0.61,0.22,0.0,0.0
7401,BEEF,54.63,317,17.07,27.64,0.78,0.0,0.0,0.0
7402,BEEF,46.27,405,14.54,38.3,0.61,0.42,0.0,0.0
7403,BEEF,60.9,248,18.5,19.11,0.91,0.58,0.0,0.0
7404,BEEF,72.64,124,23.49,3.34,1.12,0.0,0.0,0.0
7405,BEEF,72.35,127,23.49,3.66,1.12,0.0,0.0,0.0
7406,BEEF,73.08,120,23.49,2.85,1.12,0.0,0.0,0.0
7407,BEEF,72.51,125,23.45,3.5,1.11,0.0,0.0,0.0
7408,BEEF,72.24,128,23.46,3.81,1.12,0.0,0.0,0.0
7409,BEEF,72.93,121,23.44,3.04,1.11,0.0,0.0,0.0
7410,BEEF,73.09,124,23.27,3.44,1.09,0.0,0.0,0.0
7411,BEEF,72.88,127,23.26,3.74,1.1,0.0,0.0,0.0
7412,BEEF,73.4,120,23.28,3.0,1.08,0.0,0.0,0.0
7413,BEEF,73.07,124,23.26,3.48,1.09,0.0,0.0,0.0
7414,BEEF,72.81,127,23.24,3.83,1.1,0.0,0.0,0.0
7415,BEEF,73.46,120,23.3,2.95,1.08,0.0,0.0,0.0
7416,BEEF,71.5,149,21.67,6.93,1.09,0.0,0.0,0.0
7417,BEEF,71.05,153,21.5,7.4,1.1,0.0,0.0,0.0
7418,BEEF,72.17,144,21.91,6.21,1.09,0.0,0.0,0.0
7419,BEEF,68.75,163,22.43,8.17,1.0,0.0,0.0,0.0
7420,BEEF,67.82,171,22.19,9.16,0.98,0.0,0.0,0.0
7421,BEEF,70.15,151,22.79,6.67,1.02,0.0,0.0,0.0
7422,BEEF,71.7,147,21.72,6.67,1.1,0.0,0.0,0.0
7423,BEEF,71.3,150,21.57,7.1,1.1,0.0,0.0,0.0
7424,BEEF,72.31,142,21.95,6.02,1.09,0.0,0.0,0.0
7425,BEEF,64.35,183,27.31,8.14,1.24,0.0,0.0,0.0
7426,BEEF,63.7,188,27.26,8.82,1.24,0.0,0.0,0.0
7427,BEEF,65.33,174,27.38,7.12,1.24,0.0,0.0,0.0
7428,BEEF,64.56,160,29.9,4.49,1.24,0.0,0.0,0.0
7429,BEEF,63.99,163,30.08,4.79,1.21,0.0,0.0,0.0
7430,BEEF,65.14,157,30.97,3.72,1.27,0.0,0.0,0.0
7431,BEEF,65.06,159,29.66,4.47,1.22,0.0,0.0,0.0
7432,BEEF,64.5,163,29.79,4.83,1.21,0.0,0.0,0.0
7433,BEEF,65.92,154,29.47,3.98,1.22,0.0,0.0,0.0
7434,BEEF,72.96,121,23.59,2.94,1.12,0.0,0.0,0.0
7435,BEEF,72.66,124,23.59,3.26,1.12,0.0,0.0,0.0
7436,BEEF,73.4,116,23.59,2.45,1.12,0.0,0.0,0.0
7437,BEEF,72.96,121,23.59,2.94,1.12,0.0,0.0,0.0
7438,BEEF,72.66,124,23.59,3.26,1.12,0.0,0.0,0.0
7439,BEEF,73.4,116,23.59,2.45,1.12,0.0,0.0,0.0
7440,BEEF,73.43,121,23.37,3.04,1.1,0.0,0.0,0.0
7441,BEEF,73.18,124,23.35,3.38,1.1,0.0,0.0,0.0
7442,BEEF,73.81,116,23.41,2.52,1.09,0.0,0.0,0.0
7443,BEEF,73.43,121,23.37,3.04,1.1,0.0,0.0,0.0
7444,BEEF,73.18,124,23.35,3.38,1.1,0.0,0.0,0.0
7445,BEEF,73.81,116,23.41,2.52,1.09,0.0,0.0,0.0
7446,BEEF,72.44,139,21.94,5.74,1.11,0.0,0.0,0.0
7447,BEEF,72.04,143,21.78,6.16,1.11,0.0,0.0,0.0
7448,BEEF,73.04,135,22.16,5.1,1.1,0.0,0.0,0.0
7449,BEEF,70.63,143,23.07,5.67,1.02,0.0,0.0,0.0
7450,BEEF,69.94,149,22.93,6.34,1.01,0.0,0.0,0.0
7451,BEEF,71.68,135,23.3,4.66,1.04,0.0,0.0,0.0
7452,BEEF,72.44,139,21.94,5.74,1.11,0.0,0.0,0.0
7453,BEEF,72.04,143,21.78,6.16,1.11,0.0,0.0,0.0
7454,BEEF,73.04,135,22.16,5.1,1.1,0.0,0.0,0.0
7455,BEEF,64.79,177,27.51,7.49,1.25,0.0,0.0,0.0
7456,BEEF,64.17,183,27.48,8.13,1.25,0.0,0.0,0.0
7457,BEEF,65.71,169,27.55,6.54,1.24,0.0,0.0,0.0
7458,BEEF,64.96,162,30.09,3.77,1.29,0.0,0.0,0.0
7459,BEEF,64.37,158,30.24,4.11,1.22,0.06,0.0,0.0
7460,BEEF,65.87,150,29.81,3.37,1.26,0.0,0.0,0.0
7461,BEEF,65.35,155,29.85,3.9,1.27,0.0,0.0,0.0
7462,BEEF,64.83,158,29.94,4.26,1.21,0.0,0.0,0.0
7463,BEEF,66.2,149,29.52,3.43,1.19,0.0,0.0,0.0
7464,BEEF,71.68,135,23.3,4.66,1.04,0.0,0.0,0.0
7465,BEEF,69.94,149,22.93,6.34,1.01,0.0,0.0,0.0
7467,BEEF,66.35,191,21.54,11.65,0.97,0.0,0.0,0.0
7468,BEEF,65.33,199,21.29,12.68,0.95,0.0,0.0,0.0
7469,BEEF,54.87,275,25.69,19.19,1.04,0.0,0.0,0.0
7470,BEEF,57.68,247,26.92,15.44,1.08,0.0,0.0,0.0
7471,BEEF,55.99,264,26.18,17.69,1.06,0.0,0.0,0.0
7472,BEEF,60.58,208,28.66,10.34,1.13,0.0,0.0,0.0
7473,BEEF,62.99,184,29.67,7.26,1.17,0.0,0.0,0.0
7474,BEEF,61.54,198,29.06,9.11,1.15,0.0,0.0,0.0
7475,BEEF,64.65,205,21.13,13.36,0.94,0.0,0.0,0.0
7476,BEEF,60.46,193,33.53,6.57,1.15,0.0,0.0,0.0
7477,BEEF,73.11,129,22.09,4.49,0.98,0.0,0.0,0.0
7478,BEEF,54.88,265,29.35,16.37,0.93,0.0,0.0,0.0
7479,BEEF,67.95,194,19.74,12.75,0.84,0.0,0.0,0.0
7480,BEEF,58.64,202,34.51,7.05,0.83,0.0,0.0,0.0
7481,BEEF,73.75,125,20.92,4.62,0.96,0.0,0.0,0.0
7482,BEEF,73.5,131,20.46,5.41,0.95,0.0,0.0,0.0
7483,BEEF,59.68,208,32.08,8.89,0.78,0.0,0.0,0.0
7484,BEEF,56.8,239,30.09,13.22,1.07,0.0,0.0,0.0
7485,BEEF,69.43,161,19.77,8.51,0.91,1.38,0.0,0.0
7486,BEEF,65.38,164,29.68,4.98,1.15,0.0,0.0,0.0
7487,BEEF,74.14,116,20.15,3.35,1.02,1.35,0.0,0.0
7488,BEEF,61.51,194,30.75,7.92,0.67,0.0,0.0,0.0
7489,BEEF,73.62,142,20.53,6.67,0.96,0.0,0.0,0.0
7490,BEEF,56.39,226,33.22,10.3,1.06,0.0,0.0,0.0
7491,BEEF,70.81,154,21.3,7.69,0.92,0.0,0.0,0.0
7492,BEEF,62.27,179,31.29,6.0,1.04,0.0,0.0,0.0
7493,BEEF,78.07,105,18.52,3.4,1.02,0.0,0.0,0.0
7494,BEEF,64.4,167,31.23,4.64,1.62,0.0,0.0,0.0
7495,BEEF,74.57,114,21.46,3.12,0.99,0.0,0.0,0.0
7496,BEEF,72.35,128,22.16,4.36,1.03,0.1,0.0,0.0
7497,BEEF,31.16,560,7.9,57.22,0.33,3.39,0.0,0.0
7498,BEEF,29.04,602,6.97,63.78,0.2,0.01,0.0,0.0
7499,BEEF,66.44,157,27.28,5.27,1.55,0.0,0.0,0.0
7500,BEEF,64.7,178,27.51,7.58,1.25,0.0,0.0,0.0
7501,BEEF,80.52,87,15.68,2.64,1.15,0.0,0.0,0.0
7502,BEEF,66.44,150,23.3,4.68,1.8,3.78,0.0,0.0
7503,BEEF,70.39,133,20.5,4.05,1.46,3.6,0.0,0.0
7504,BEEF,73.1,126,24.21,3.26,0.63,0.0,0.0,0.0
7505,BEEF,73.84,119,21.23,3.68,1.02,0.23,0.0,0.0
7506,BEEF,62.38,196,29.87,8.46,0.63,0.0,0.0,0.0
7507,BEEF,71.68,155,21.83,7.56,0.9,0.0,0.0,0.0
7508,BEEF,61.82,197,27.23,9.74,1.12,0.09,0.0,0.0
7509,BEEF,71.32,146,21.31,6.78,0.94,0.0,0.0,0.0
7510,BEEF,61.77,188,30.17,7.48,1.38,0.0,0.0,0.0
7511,BEEF,59.61,217,28.53,11.4,1.09,0.0,0.0,0.0
7512,BEEF,70.41,150,20.93,7.0,0.91,0.74,0.0,0.0
7513,BEEF,15.41,731,6.5,78.3,0.28,0.0,0.0,0.0
7514,BEEF,19.91,685,8.5,72.38,0.1,0.0,0.0,0.0
7515,BEEF,56.26,318,12.53,29.79,1.91,0.0,0.0,0.0
7516,BEEF,57.67,303,11.51,28.6,2.36,0.0,0.0,0.0
7517,BEEF,59.69,200,29.37,9.01,1.66,0.27,0.0,0.0
7518,BEEF,69.48,178,21.27,10.31,0.87,0.0,0.0,0.0
7519,BEEF,71.79,140,21.19,6.1,1.05,0.0,0.0,0.0
7520,BEEF,56.95,271,18.31,20.34,0.72,3.68,0.0,0.0
7521,BEEF,65.24,243,17.77,19.09,0.8,0.0,0.0,0.0
7522,BEEF,77.71,103,19.0,2.98,0.89,0.0,0.0,0.0
7523,BEEF,82.19,77,14.86,1.98,1.1,0.0,0.0,0.0
7524,BEEF,57.82,228,31.3,11.37,1.07,0.0,0.0,0.0
7525,BEEF,70.23,159,21.29,8.22,0.93,0.0,0.0,0.0
7526,BEEF,38.97,453,20.14,41.33,0.66,0.0,0.0,0.0
7527,BEEF,53.33,345,15.81,31.27,0.61,0.0,0.0,0.0
7528,BEEF,54.66,250,31.94,13.6,0.78,0.0,0.0,0.0
7529,BEEF,70.11,163,20.05,9.23,0.9,0.0,0.0,0.0
7530,BEEF,55.95,252,29.92,14.74,0.74,0.0,0.0,0.0
7531,BEEF,68.67,181,19.38,11.45,0.87,0.0,0.0,0.0
7532,BEEF,52.86,286,27.79,19.45,1.0,0.03,0.0,0.0
7533,BEEF,63.38,225,18.22,16.31,0.83,1.31,0.0,0.0
7534,BEEF,64.99,168,29.49,5.57,1.14,0.0,0.0,0.0
7535,BEEF,72.9,129,19.88,4.92,1.0,1.32,0.0,0.0
7536,BEEF,60.32,208,30.13,9.73,0.66,0.0,0.0,0.0
7537,BEEF,71.79,161,20.12,8.9,0.93,0.0,0.0,0.0
7538,BEEF,54.29,252,31.86,13.79,1.02,0.0,0.0,0.0
7539,BEEF,68.68,177,20.57,10.55,0.89,0.0,0.0,0.0
7540,BEEF,61.87,196,29.82,8.5,1.54,0.07,0.0,0.0
7541,BEEF,71.41,147,20.61,7.2,0.94,0.0,0.0,0.0
7542,BEEF,62.23,197,29.79,8.68,0.63,0.0,0.0,0.0
7543,BEEF,61.45,192,30.01,7.96,1.37,0.0,0.0,0.0
7544,BEEF,72.22,141,21.74,6.05,0.97,0.0,0.0,0.0
7545,BEEF,71.87,145,21.65,6.5,0.97,0.0,0.0,0.0
7546,BEEF,52.4,301,24.89,22.33,0.95,0.02,0.0,0.0
7547,BEEF,60.78,252,18.49,19.53,0.76,0.6,0.0,0.0
7548,BEEF,59.47,202,29.26,9.35,1.66,0.27,0.0,0.0
7549,BEEF,71.18,146,21.04,6.88,1.04,0.0,0.0,0.0
7550,BEEF,71.72,152,20.85,7.0,1.02,0.0,0.0,0.0
7551,BEEF,63.81,193,26.22,8.94,1.05,0.0,0.0,0.0
7552,BEEF,65.29,182,25.56,8.01,1.08,0.06,0.0,0.0
7553,BEEF,63.26,192,27.03,8.43,0.94,0.0,0.0,0.0
7554,BEEF,60.82,209,28.88,9.51,1.32,0.0,0.0,0.0
7555,BEEF,74.75,121,21.98,3.0,1.07,0.0,0.0,0.0
7556,BEEF,67.96,153,26.36,4.46,1.06,0.0,0.0,0.0
7557,BEEF,68.68,144,26.03,3.65,1.09,0.0,0.0,0.0
7558,BEEF,66.43,154,27.58,4.06,0.95,0.0,0.0,0.0
7559,BEEF,64.55,175,29.46,5.46,1.36,0.0,0.0,0.0
7560,BEEF,69.03,169,20.95,9.3,1.0,0.05,0.0,0.0
7561,BEEF,71.78,140,22.15,5.38,1.06,0.0,0.0,0.0
7562,BEEF,62.48,194,28.95,8.15,1.1,0.0,0.0,0.0
7563,BEEF,71.58,139,22.15,5.54,1.05,0.08,0.0,0.0
7564,BEEF,71.22,147,22.01,6.05,1.04,0.0,0.0,0.0
7565,BEEF,61.51,203,28.73,9.16,1.08,0.0,0.0,0.0
7566,BEEF,68.0,176,21.34,10.08,1.01,0.06,0.0,0.0
7567,BEEF,70.24,151,21.55,7.24,1.01,0.0,0.0,0.0
7568,BEEF,72.3,133,22.03,4.99,1.05,0.05,0.0,0.0
7569,BEEF,70.16,157,21.2,8.0,1.02,0.04,0.0,0.0
7570,BEEF,60.0,167,27.51,6.37,1.07,0.0,0.0,0.0
7571,BEEF,72.47,130,22.37,4.55,1.07,0.0,0.0,0.0
7578,BEEF,66.27,159,25.9,5.42,1.36,0.0,0.0,0.0
7579,BEEF,62.72,203,26.13,10.16,1.1,0.0,0.0,0.0
7580,BEEF,73.41,129,19.63,5.02,1.17,0.0,0.0,0.0
7581,BEEF,64.32,172,26.82,6.34,1.2,0.0,0.0,0.0
7582,BEEF,64.92,173,26.36,6.75,1.17,0.0,0.0,0.0
7583,BEEF,64.62,175,28.6,5.82,1.23,0.0,0.0,0.0
7584,BEEF,60.02,189,29.34,7.04,1.17,0.0,0.0,0.0
7585,BEEF,65.57,161,25.73,5.72,1.5,0.0,0.0,0.0
7586,BEEF,67.09,159,26.08,5.24,1.15,0.0,0.0,0.0
7587,BEEF,60.69,227,25.77,12.93,1.02,0.0,0.0,0.0
7588,BEEF,62.86,200,25.67,9.99,1.19,0.0,0.0,0.0
7589,BEEF,60.38,216,24.61,12.26,1.07,0.0,0.0,0.0
7590,BEEF,62.13,196,27.3,8.76,1.26,0.0,0.0,0.0
7591,BEEF,63.61,186,28.22,7.25,1.21,0.0,0.0,0.0
7592,BEEF,64.65,177,28.41,6.14,1.24,0.0,0.0,0.0
7593,BEEF,60.34,220,26.13,12.05,1.07,0.0,0.0,0.0
7594,BEEF,57.16,255,23.51,17.13,0.93,0.0,0.0,0.0
7595,BEEF,50.5,265,29.97,15.18,1.45,0.0,0.0,0.0
7596,BEEF,66.19,160,25.87,5.52,1.36,0.0,0.0,0.0
7597,BEEF,61.57,216,25.73,11.73,1.09,0.0,0.0,0.0
7598,BEEF,61.09,207,25.7,10.84,1.15,0.0,0.0,0.0
7599,BEEF,64.02,182,28.29,6.8,1.22,0.0,0.0,0.0
7600,BEEF,73.24,137,21.41,5.0,1.05,0.0,0.0,0.0
7601,BEEF,65.78,174,26.29,6.8,1.06,0.0,0.0,0.0
7602,BEEF,66.9,164,25.8,5.94,1.09,0.0,0.0,0.0
7603,BEEF,62.58,193,29.17,7.58,1.34,0.0,0.0,0.0
7604,BEEF,64.76,174,27.31,6.37,0.94,0.0,0.0,0.0
7605,BEEF,69.45,176,20.0,10.0,0.98,0.0,0.0,0.0
7606,BEEF,61.24,217,26.11,11.75,1.04,0.0,0.0,0.0
7607,BEEF,63.21,204,25.21,10.68,1.08,0.0,0.0,0.0
7608,BEEF,58.58,230,28.45,12.04,1.28,0.0,0.0,0.0
7609,BEEF,61.33,214,26.62,11.1,0.93,0.0,0.0,0.0
7610,BEEF,65.66,215,18.59,15.0,0.91,0.0,0.0,0.0
7611,BEEF,57.98,250,25.93,15.41,1.02,0.0,0.0,0.0
7612,BEEF,60.61,232,24.62,14.02,1.07,0.0,0.0,0.0
7613,BEEF,55.9,256,27.73,15.3,1.22,0.0,0.0,0.0
7614,BEEF,58.98,240,25.93,14.36,0.92,0.0,0.0,0.0
7615,BEEF,61.87,254,17.17,20.0,0.84,0.0,0.0,0.0
7616,BEEF,55.99,270,25.75,17.78,1.0,0.0,0.0,0.0
7617,BEEF,59.11,246,24.04,15.94,1.06,0.0,0.0,0.0
7618,BEEF,54.54,272,27.0,17.36,1.16,0.0,0.0,0.0
7619,BEEF,57.7,254,25.25,16.17,0.9,0.0,0.0,0.0
7620,BEEF,58.09,293,15.76,25.0,0.77,0.0,0.0,0.0
7621,BEEF,55.28,279,25.56,18.87,0.98,0.0,0.0,0.0
7622,BEEF,58.69,248,23.45,16.44,1.05,0.0,0.0,0.0
7623,BEEF,54.5,277,26.28,18.21,1.1,0.0,0.0,0.0
7624,BEEF,57.5,254,24.56,16.5,0.89,0.0,0.0,0.0
7625,BEEF,72.9,134,22.53,4.2,1.06,0.0,0.0,0.0
7626,BEEF,71.11,148,22.06,5.93,1.05,0.0,0.0,0.0
7627,BEEF,73.31,127,22.27,3.54,1.19,0.0,0.0,0.0
7628,BEEF,72.68,133,23.07,3.88,0.99,0.0,0.0,0.0
7629,BEEF,62.45,188,30.87,6.22,1.19,0.0,0.0,0.0
7630,BEEF,62.67,194,29.07,7.76,1.2,0.0,0.0,0.0
7631,BEEF,65.47,170,29.34,4.96,1.2,0.0,0.0,0.0
7632,BEEF,64.65,177,29.44,5.73,1.14,0.0,0.0,0.0
7633,BEEF,66.61,164,28.45,4.67,1.15,0.0,0.0,0.0
7634,BEEF,66.31,163,29.59,4.11,1.18,0.0,0.0,0.0
7635,BEEF,62.79,177,31.61,4.65,1.17,0.0,0.0,0.0
7636,BEEF,58.64,205,34.46,6.43,1.05,0.0,0.0,0.0
7637,BEEF,72.58,128,22.19,4.31,1.09,0.0,0.0,0.0
7638,BEEF,60.61,196,33.15,6.0,1.06,0.0,0.0,0.0
7639,BEEF,73.76,127,21.57,3.84,1.01,0.0,0.0,0.0
7640,BEEF,73.43,124,22.6,3.0,1.08,0.0,0.0,0.0
7641,BEEF,65.52,169,29.73,4.71,1.15,0.0,0.0,0.0
7642,BEEF,69.95,141,22.33,5.04,0.99,0.0,0.0,0.0
7643,BEEF,62.93,200,29.04,8.39,1.13,0.0,0.0,0.0
7644,BEEF,70.62,153,22.12,6.52,1.06,0.0,0.0,0.0
7645,BEEF,57.84,214,34.66,7.36,1.02,0.0,0.0,0.0
7646,BEEF,73.32,132,22.11,4.19,1.01,0.0,0.0,0.0
7647,BEEF,65.93,163,28.0,5.72,1.11,0.0,0.0,0.0
7648,BEEF,57.54,216,34.34,7.73,1.02,0.0,0.0,0.0
7649,BEEF,63.32,189,29.3,7.09,1.14,0.0,0.0,0.0
7650,BEEF,71.49,138,22.93,5.15,1.02,0.0,0.0,0.0
7651,BEEF,61.96,185,31.82,5.45,1.2,0.0,0.0,0.0
7652,BEEF,75.02,135,22.91,4.09,1.13,0.0,0.0,0.0
7653,BEEF,64.29,178,29.42,5.84,1.2,0.0,0.0,0.0
7654,BEEF,72.91,131,22.09,4.08,1.14,0.0,0.0,0.0
7655,BEEF,72.51,139,21.96,5.05,1.02,0.0,0.0,0.0
7656,BEEF,73.27,129,21.69,4.06,1.01,0.0,0.0,0.0
7657,BEEF,56.39,224,34.72,8.37,1.03,0.0,0.0,0.0
7658,BEEF,59.82,203,33.13,6.79,1.07,0.0,0.0,0.0
7659,BEEF,72.89,128,22.88,3.38,1.1,0.0,0.0,0.0
7660,BEEF,71.44,140,22.69,4.78,1.16,0.0,0.0,0.0
7661,BEEF,71.99,140,22.22,4.96,1.06,0.0,0.0,0.0
7662,BEEF,65.26,179,27.56,6.77,1.07,0.0,0.0,0.0
7663,BEEF,64.73,175,29.87,5.3,1.11,0.0,0.0,0.0
7664,BEEF,61.13,193,32.04,6.25,1.23,0.0,0.0,0.0
7665,BEEF,56.44,228,34.22,9.02,0.98,0.0,0.0,0.0
7666,BEEF,71.28,148,22.12,5.91,1.08,0.0,0.0,0.0
7667,BEEF,70.17,158,22.17,7.07,1.08,0.0,0.0,0.0
7668,BEEF,72.51,135,21.91,4.62,1.09,0.0,0.0,0.0
7669,BEEF,62.22,202,28.29,9.05,1.1,0.0,0.0,0.0
7670,BEEF,70.3,155,22.78,6.43,1.04,0.0,0.0,0.0
7671,BEEF,61.68,206,29.01,9.1,1.1,0.0,0.0,0.0
7672,BEEF,63.27,187,29.51,6.72,1.2,0.0,0.0,0.0
7673,BEEF,61.99,201,29.16,8.45,1.13,0.0,0.0,0.0
7674,BEEF,74.12,125,22.26,3.32,1.0,0.0,0.0,0.0
7675,BEEF,74.26,124,21.45,3.61,1.0,0.0,0.0,0.0
7676,BEEF,59.29,205,34.6,6.35,1.02,0.0,0.0,0.0
7677,BEEF,61.39,189,33.18,5.21,1.05,0.0,0.0,0.0
7678,BEEF,73.97,119,22.31,2.62,1.05,0.0,0.0,0.0
7679,BEEF,72.63,129,23.13,3.37,1.13,0.0,0.0,0.0
7680,BEEF,73.17,128,22.18,3.66,1.08,0.0,0.0,0.0
7681,BEEF,64.27,195,29.58,7.63,1.15,0.0,0.0,0.0
7682,BEEF,81.65,94,11.71,4.05,0.6,1.99,0.0,0.0
7683,BEEF,72.41,142,21.26,5.63,1.06,0.0,0.0,0.0
7684,BEEF,63.79,193,26.34,9.73,1.06,0.0,0.0,0.0
7685,BEEF,71.33,154,21.17,7.06,1.02,0.0,0.0,0.0
7686,BEEF,65.55,179,27.17,6.95,1.09,0.0,0.0,0.0
7687,BEEF,73.48,129,21.34,4.21,1.1,0.0,0.0,0.0
7688,BEEF,74.48,126,21.07,3.95,1.03,0.0,0.0,0.0
7689,BEEF,73.98,130,20.76,4.55,1.02,0.0,0.0,0.0
7690,BEEF,74.99,122,21.38,3.35,1.04,0.0,0.0,0.0
7691,BEEF,64.79,186,27.89,7.4,1.1,0.0,0.0,0.0
7692,BEEF,65.51,178,27.96,6.48,1.13,0.0,0.0,0.0
7693,BEEF,72.08,141,21.57,5.47,1.02,0.0,0.0,0.0
7694,BEEF,72.84,137,21.43,5.0,0.99,0.0,0.0,0.0
7695,BEEF,58.8,278,18.12,22.15,0.82,0.12,0.0,0.0
7696,BEEF,59.34,276,17.77,22.21,0.8,0.0,0.0,0.0
7697,BEEF,51.58,298,28.66,19.47,0.95,0.0,0.0,0.0
8607,CEREALS,2.8,400,7.1,3.33,2.27,84.7,4.3,36.13
8608,CEREALS,3.0,371,11.43,2.86,1.21,81.5,11.4,5.71
8609,CEREALS,2.9,409,7.7,7.3,2.32,79.6,5.5,20.0
8613,CEREALS,5.2,403,9.0,10.5,2.14,73.0,9.7,15.4
8614,CEREALS,8.5,378,7.9,7.1,2.14,74.3,9.3,24.1
8630,CEREALS,5.6,390,9.8,8.8,4.9,70.9,11.2,17.5
8683,CEREALS,7.4,352,11.2,3.3,2.4,75.7,9.1,20.0
8684,CEREALS,1.9,388,9.5,6.3,8.5,73.8,8.5,23.2
8685,CEREALS,8.5,385,7.1,5.6,2.6,76.2,9.7,23.6
8723,BEEF,54.8,310,11.7,28.4,3.1,2.0,0.0,0.0
8728,CEREALS,3.14,339,10.93,2.06,3.22,80.65,14.7,0.75
8746,CEREALS,3.4,380,10.0,3.0,5.53,78.0,8.0,22.0
8764,CEREALS,5.0,401,7.12,5.46,1.22,81.19,4.2,19.79
